{
    "type": "FeatureCollection",
    "name": "DatenbasisKarteSO",
    "crs": {
        "type": "name",
        "properties": {
            "name": "urn:ogc:def:crs:EPSG::4326"
        }
    },
    "features": [
        {
            "type": "Feature",
            "geometry": {
                "type": "Point",
                "coordinates": [
                    13.179649,
                    52.478311
                ]
            },
            "properties": {
                "Lfd Nummer": "SO-001",
                "Name": "SpeiseGut - Anbau",
                "Gartentyp": "SoLaWi-Anbaufläche",
                "Straße": "Havelmatensteig 1\n",
                "PLZ": "14089 Berlin",
                "Bezirk": "Spandau",
                "Website  Social Media": "https://www.speisegut.com/",
                "Nutzung": "Anbau von Lebensmitteln "
            }
        },
        {
            "type": "Feature",
            "geometry": {
                "type": "Point",
                "coordinates": [
                    13.182292,
                    52.48344
                ]
            },
            "properties": {
                "Lfd Nummer": "SO-002",
                "Name": "SpeiseGut - Anbau",
                "Gartentyp": "SoLaWi-Anbaufläche",
                "Straße": "Buchwaldzeile 56",
                "PLZ": "14089 Berlin",
                "Bezirk": "Spandau",
                "Website  Social Media": "https://www.speisegut.com/",
                "Nutzung": "Anbau von Lebensmitteln "
            }
        },
        {
            "type": "Feature",
            "geometry": {
                "type": "Point",
                "coordinates": [
                    null,
                    null
                ]
            },
            "properties": {
                "Lfd Nummer": "SO-003",
                "Name": "SpeiseGut",
                "Gartentyp": "SoLaWi-Abholstation",
                "Straße": "Abholstellen ohne genaue Adresse ",
                "Website  Social Media": "https://www.speisegut.com/unsere-depots/"
            }
        },
        {
            "type": "Feature",
            "geometry": {
                "type": "Point",
                "coordinates": [
                    12.259072,
                    52.919922
                ]
            },
            "properties": {
                "Lfd Nummer": "SO-004",
                "Name": "Ökohof Waldgarten - Anbau",
                "Gartentyp": "SoLaWi-Anbaufläche",
                "Über uns  Selbstbeschreibung": "Der Ökohof Waldgarten ist ein Ort der Vielfalt | Der Waldgarten ist der Versuch einen natürlichen Wald mit Bäumen, Sträuchern und mehrjährigen Pflanzen nachzuempfinden. Im Mittelpunkt steht dabei die Nahrungsgewinnung, das Schaffen von stabilen nachhaltigen Ökosystemen und maximale Vielfalt (Biodiversität). Waldgarten ist nicht nur ein Name sondern ein Teil des Hofkonzeptes, und damit erfüllt der Waldgarten die selbst gestellte Herausforderung, Nahrungsmittelproduktion und maximalen Naturschutz zusammen zu denken und zu führen. Der Ökohof Waldgarten versteht sich als Vielfalts-Hof und hofft als Pilotprojekt zum Wandel (Transformation) der Landwirtschaft beizutragen. Ziel ist es, die Potentiale einer aufbauenden Landwirtschaft mit Hilfe von Permakultur – Kriterien mit zu gestalten und sichtbar zu machen.",
                "Straße": "Schönermarker Weg 23",
                "PLZ": "16866 Barenthin",
                "Website  Social Media": "https://www.solawi-waldgarten.de/",
                "Nutzung": "Anbau von Lebensmitteln"
            }
        },
        {
            "type": "Feature",
            "geometry": {
                "type": "Point",
                "coordinates": [
                    13.396343,
                    52.531747
                ]
            },
            "properties": {
                "Lfd Nummer": "SO-005",
                "Name": "SoLaWi Waldgarten - Abholstelle Acker 22",
                "Gartentyp": "SoLaWi-Abholstation",
                "Über uns  Selbstbeschreibung": "Der Ökohof Waldgarten ist ein Ort der Vielfalt | Der Waldgarten ist der Versuch einen natürlichen Wald mit Bäumen, Sträuchern und mehrjährigen Pflanzen nachzuempfinden. Im Mittelpunkt steht dabei die Nahrungsgewinnung, das Schaffen von stabilen nachhaltigen Ökosystemen und maximale Vielfalt (Biodiversität). Waldgarten ist nicht nur ein Name sondern ein Teil des Hofkonzeptes, und damit erfüllt der Waldgarten die selbst gestellte Herausforderung, Nahrungsmittelproduktion und maximalen Naturschutz zusammen zu denken und zu führen. Der Ökohof Waldgarten versteht sich als Vielfalts-Hof und hofft als Pilotprojekt zum Wandel (Transformation) der Landwirtschaft beizutragen. Ziel ist es, die Potentiale einer aufbauenden Landwirtschaft mit Hilfe von Permakultur – Kriterien mit zu gestalten und sichtbar zu machen.",
                "Straße": "Ackerstraße 22",
                "PLZ": "10115 Berlin",
                "Bezirk": "Mitte ",
                "Website  Social Media": "https://www.solawi-waldgarten.de/",
                "EMail": "info@solawi-waldgarten.de",
                "Nutzung": "Verteilung von Lebensmitteln ",
                "MitmachMöglichkeiten": "Mitglied werden"
            }
        },
        {
            "type": "Feature",
            "geometry": {
                "type": "Point",
                "coordinates": [
                    13.451558,
                    52.526127
                ]
            },
            "properties": {
                "Lfd Nummer": "SO-006",
                "Name": "SoLaWi Waldgarten - Abholstelle KGB",
                "Gartentyp": "SoLaWi-Abholstation",
                "Über uns  Selbstbeschreibung": "Der Ökohof Waldgarten ist ein Ort der Vielfalt | Der Waldgarten ist der Versuch einen natürlichen Wald mit Bäumen, Sträuchern und mehrjährigen Pflanzen nachzuempfinden. Im Mittelpunkt steht dabei die Nahrungsgewinnung, das Schaffen von stabilen nachhaltigen Ökosystemen und maximale Vielfalt (Biodiversität). Waldgarten ist nicht nur ein Name sondern ein Teil des Hofkonzeptes, und damit erfüllt der Waldgarten die selbst gestellte Herausforderung, Nahrungsmittelproduktion und maximalen Naturschutz zusammen zu denken und zu führen. Der Ökohof Waldgarten versteht sich als Vielfalts-Hof und hofft als Pilotprojekt zum Wandel (Transformation) der Landwirtschaft beizutragen. Ziel ist es, die Potentiale einer aufbauenden Landwirtschaft mit Hilfe von Permakultur – Kriterien mit zu gestalten und sichtbar zu machen.",
                "Straße": "Ebertystraße 51",
                "PLZ": "10249 Berlin",
                "Bezirk": "Friedrichshain-Kreuzberg",
                "Website  Social Media": "https://www.solawi-waldgarten.de/",
                "EMail": "info@solawi-waldgarten.de",
                "Nutzung": "Verteilung von Lebensmitteln ",
                "MitmachMöglichkeiten": "Mitglied werden"
            }
        },
        {
            "type": "Feature",
            "geometry": {
                "type": "Point",
                "coordinates": [
                    13.456428,
                    52.51791
                ]
            },
            "properties": {
                "Lfd Nummer": "SO-007",
                "Name": "SoLaWi Waldgarten - Abholstelle Jugend[widerstands]museum",
                "Gartentyp": "SoLaWi-Abholstation",
                "Über uns  Selbstbeschreibung": "Der Ökohof Waldgarten ist ein Ort der Vielfalt | Der Waldgarten ist der Versuch einen natürlichen Wald mit Bäumen, Sträuchern und mehrjährigen Pflanzen nachzuempfinden. Im Mittelpunkt steht dabei die Nahrungsgewinnung, das Schaffen von stabilen nachhaltigen Ökosystemen und maximale Vielfalt (Biodiversität). Waldgarten ist nicht nur ein Name sondern ein Teil des Hofkonzeptes, und damit erfüllt der Waldgarten die selbst gestellte Herausforderung, Nahrungsmittelproduktion und maximalen Naturschutz zusammen zu denken und zu führen. Der Ökohof Waldgarten versteht sich als Vielfalts-Hof und hofft als Pilotprojekt zum Wandel (Transformation) der Landwirtschaft beizutragen. Ziel ist es, die Potentiale einer aufbauenden Landwirtschaft mit Hilfe von Permakultur – Kriterien mit zu gestalten und sichtbar zu machen.",
                "Straße": "Rigaer Straße 9/10",
                "PLZ": "10247 Berlin",
                "Bezirk": "Friedrichshain-Kreuzberg",
                "Website  Social Media": "https://www.solawi-waldgarten.de/",
                "EMail": "info@solawi-waldgarten.de",
                "Nutzung": "Verteilung von Lebensmitteln ",
                "MitmachMöglichkeiten": "Mitglied werden"
            }
        },
        {
            "type": "Feature",
            "geometry": {
                "type": "Point",
                "coordinates": [
                    13.459956,
                    52.513236
                ]
            },
            "properties": {
                "Lfd Nummer": "SO-008",
                "Name": "SoLaWi Waldgarten - Abholstelle K19",
                "Gartentyp": "SoLaWi-Abholstation",
                "Über uns  Selbstbeschreibung": "Der Ökohof Waldgarten ist ein Ort der Vielfalt | Der Waldgarten ist der Versuch einen natürlichen Wald mit Bäumen, Sträuchern und mehrjährigen Pflanzen nachzuempfinden. Im Mittelpunkt steht dabei die Nahrungsgewinnung, das Schaffen von stabilen nachhaltigen Ökosystemen und maximale Vielfalt (Biodiversität). Waldgarten ist nicht nur ein Name sondern ein Teil des Hofkonzeptes, und damit erfüllt der Waldgarten die selbst gestellte Herausforderung, Nahrungsmittelproduktion und maximalen Naturschutz zusammen zu denken und zu führen. Der Ökohof Waldgarten versteht sich als Vielfalts-Hof und hofft als Pilotprojekt zum Wandel (Transformation) der Landwirtschaft beizutragen. Ziel ist es, die Potentiale einer aufbauenden Landwirtschaft mit Hilfe von Permakultur – Kriterien mit zu gestalten und sichtbar zu machen.",
                "Straße": "Kreutziger Straße 19",
                "PLZ": "10247 Berlin ",
                "Bezirk": "Friedrichshain-Kreuzberg",
                "Website  Social Media": "https://www.solawi-waldgarten.de/",
                "EMail": "info@solawi-waldgarten.de",
                "Nutzung": "Verteilung von Lebensmitteln ",
                "MitmachMöglichkeiten": "Mitglied werden"
            }
        },
        {
            "type": "Feature",
            "geometry": {
                "type": "Point",
                "coordinates": [
                    13.44437,
                    52.498458
                ]
            },
            "properties": {
                "Lfd Nummer": "SO-009",
                "Name": "SoLaWi Waldgarten - Abholstelle Kiezanker 36",
                "Gartentyp": "SoLaWi-Abholstation",
                "Über uns  Selbstbeschreibung": "Der Ökohof Waldgarten ist ein Ort der Vielfalt | Der Waldgarten ist der Versuch einen natürlichen Wald mit Bäumen, Sträuchern und mehrjährigen Pflanzen nachzuempfinden. Im Mittelpunkt steht dabei die Nahrungsgewinnung, das Schaffen von stabilen nachhaltigen Ökosystemen und maximale Vielfalt (Biodiversität). Waldgarten ist nicht nur ein Name sondern ein Teil des Hofkonzeptes, und damit erfüllt der Waldgarten die selbst gestellte Herausforderung, Nahrungsmittelproduktion und maximalen Naturschutz zusammen zu denken und zu führen. Der Ökohof Waldgarten versteht sich als Vielfalts-Hof und hofft als Pilotprojekt zum Wandel (Transformation) der Landwirtschaft beizutragen. Ziel ist es, die Potentiale einer aufbauenden Landwirtschaft mit Hilfe von Permakultur – Kriterien mit zu gestalten und sichtbar zu machen.",
                "Straße": "Cuvrystraße 13-14a",
                "PLZ": "10997 Berlin",
                "Bezirk": "Friedrichshain-Kreuzberg",
                "Website  Social Media": "https://www.solawi-waldgarten.de/",
                "EMail": "info@solawi-waldgarten.de",
                "Nutzung": "Verteilung von Lebensmitteln ",
                "MitmachMöglichkeiten": "Mitglied werden"
            }
        },
        {
            "type": "Feature",
            "geometry": {
                "type": "Point",
                "coordinates": [
                    13.439798,
                    52.493647
                ]
            },
            "properties": {
                "Lfd Nummer": "SO-010",
                "Name": "SoLaWi Waldgarten - Abholstelle Weltraum",
                "Gartentyp": "SoLaWi-Abholstation",
                "Über uns  Selbstbeschreibung": "Der Ökohof Waldgarten ist ein Ort der Vielfalt | Der Waldgarten ist der Versuch einen natürlichen Wald mit Bäumen, Sträuchern und mehrjährigen Pflanzen nachzuempfinden. Im Mittelpunkt steht dabei die Nahrungsgewinnung, das Schaffen von stabilen nachhaltigen Ökosystemen und maximale Vielfalt (Biodiversität). Waldgarten ist nicht nur ein Name sondern ein Teil des Hofkonzeptes, und damit erfüllt der Waldgarten die selbst gestellte Herausforderung, Nahrungsmittelproduktion und maximalen Naturschutz zusammen zu denken und zu führen. Der Ökohof Waldgarten versteht sich als Vielfalts-Hof und hofft als Pilotprojekt zum Wandel (Transformation) der Landwirtschaft beizutragen. Ziel ist es, die Potentiale einer aufbauenden Landwirtschaft mit Hilfe von Permakultur – Kriterien mit zu gestalten und sichtbar zu machen.",
                "Straße": "Ratiborstraße 4",
                "PLZ": "10999 Berlin",
                "Bezirk": "Friedrichshain-Kreuzberg",
                "Website  Social Media": "https://www.solawi-waldgarten.de/",
                "EMail": "info@solawi-waldgarten.de",
                "Nutzung": "Verteilung von Lebensmitteln ",
                "MitmachMöglichkeiten": "Mitglied werden"
            }
        },
        {
            "type": "Feature",
            "geometry": {
                "type": "Point",
                "coordinates": [
                    13.449485,
                    52.485555
                ]
            },
            "properties": {
                "Lfd Nummer": "SO-011",
                "Name": "SoLaWi Waldgarten - Abholstelle Endorphina",
                "Gartentyp": "SoLaWi-Abholstation",
                "Über uns  Selbstbeschreibung": "Der Ökohof Waldgarten ist ein Ort der Vielfalt | Der Waldgarten ist der Versuch einen natürlichen Wald mit Bäumen, Sträuchern und mehrjährigen Pflanzen nachzuempfinden. Im Mittelpunkt steht dabei die Nahrungsgewinnung, das Schaffen von stabilen nachhaltigen Ökosystemen und maximale Vielfalt (Biodiversität). Waldgarten ist nicht nur ein Name sondern ein Teil des Hofkonzeptes, und damit erfüllt der Waldgarten die selbst gestellte Herausforderung, Nahrungsmittelproduktion und maximalen Naturschutz zusammen zu denken und zu führen. Der Ökohof Waldgarten versteht sich als Vielfalts-Hof und hofft als Pilotprojekt zum Wandel (Transformation) der Landwirtschaft beizutragen. Ziel ist es, die Potentiale einer aufbauenden Landwirtschaft mit Hilfe von Permakultur – Kriterien mit zu gestalten und sichtbar zu machen.",
                "Straße": "Elsenstraße 52",
                "PLZ": "12059 Berlin",
                "Bezirk": "Treptow-Köpenick",
                "Website  Social Media": "https://www.solawi-waldgarten.de/",
                "EMail": "info@solawi-waldgarten.de",
                "Nutzung": "Verteilung von Lebensmitteln ",
                "MitmachMöglichkeiten": "Mitglied werden"
            }
        },
        {
            "type": "Feature",
            "geometry": {
                "type": "Point",
                "coordinates": [
                    13.388709,
                    52.495466
                ]
            },
            "properties": {
                "Lfd Nummer": "SO-012",
                "Name": "SoLaWi Waldgarten - Abholstelle Rathausblock",
                "Gartentyp": "SoLaWi-Abholstation",
                "Über uns  Selbstbeschreibung": "Der Ökohof Waldgarten ist ein Ort der Vielfalt | Der Waldgarten ist der Versuch einen natürlichen Wald mit Bäumen, Sträuchern und mehrjährigen Pflanzen nachzuempfinden. Im Mittelpunkt steht dabei die Nahrungsgewinnung, das Schaffen von stabilen nachhaltigen Ökosystemen und maximale Vielfalt (Biodiversität). Waldgarten ist nicht nur ein Name sondern ein Teil des Hofkonzeptes, und damit erfüllt der Waldgarten die selbst gestellte Herausforderung, Nahrungsmittelproduktion und maximalen Naturschutz zusammen zu denken und zu führen. Der Ökohof Waldgarten versteht sich als Vielfalts-Hof und hofft als Pilotprojekt zum Wandel (Transformation) der Landwirtschaft beizutragen. Ziel ist es, die Potentiale einer aufbauenden Landwirtschaft mit Hilfe von Permakultur – Kriterien mit zu gestalten und sichtbar zu machen.",
                "Straße": "Mehringdamm Ecke Obentrautstr.",
                "PLZ": "10961 Berlin",
                "Bezirk": "Friedrichshain-Kreuzberg",
                "Website  Social Media": "https://www.solawi-waldgarten.de/",
                "EMail": "info@solawi-waldgarten.de",
                "Nutzung": "Verteilung von Lebensmitteln ",
                "MitmachMöglichkeiten": "Mitglied werden"
            }
        },
        {
            "type": "Feature",
            "geometry": {
                "type": "Point",
                "coordinates": [
                    13.578453,
                    52.744064
                ]
            },
            "properties": {
                "Lfd Nummer": "SO-013",
                "Name": "Gemeinschaft Spörgelhof - Anbau",
                "Gartentyp": "SoLaWi-Anbaufläche",
                "Über uns  Selbstbeschreibung": "Wir sind ein seit Mai 2014 wachsendes Kollektiv von Menschen aus Berlin und Barnim, die gemeinsam ihr Gemüse anbauen. Zusammen mit unseren Gärtner*innen gestalten wir den Spörgelhof: Inmitten von Wald und Wiesen, nahe dem Hellsee, bauen wir regenerativ Gemüse an und finanzieren es mit einer solidarischen Ökonomie. Die Solawi Spörgelhof mit ihren ca. 2,4 Hektar Ackerfläche liegt 30 km nordöstlich Berlins bei Lobetal, nahe Bernau und Wandlitz.",
                "Straße": "Wiesenweg 1",
                "PLZ": "16348 Wandlitz",
                "Website  Social Media": "https://www.spoergelhof.de/",
                "EMail": "einstieg@spoergelhof.de",
                "Seit wann": 2014.0,
                "Flächengröße m²": 24000.0,
                "Nutzung": "Anbau von Lebensmitteln"
            }
        },
        {
            "type": "Feature",
            "geometry": {
                "type": "Point",
                "coordinates": [
                    13.404497,
                    52.571865
                ]
            },
            "properties": {
                "Lfd Nummer": "SO-014",
                "Name": "Gemeinschaft Spörgelhof - Abholstation Schabracke",
                "Gartentyp": "SoLaWi-Abholstation",
                "Über uns  Selbstbeschreibung": "Wir sind ein seit Mai 2014 wachsendes Kollektiv von Menschen aus Berlin und Barnim, die gemeinsam ihr Gemüse anbauen. Zusammen mit unseren Gärtner*innen gestalten wir den Spörgelhof: Inmitten von Wald und Wiesen, nahe dem Hellsee, bauen wir regenerativ Gemüse an und finanzieren es mit einer solidarischen Ökonomie. Die Solawi Spörgelhof mit ihren ca. 2,4 Hektar Ackerfläche liegt 30 km nordöstlich Berlins bei Lobetal, nahe Bernau und Wandlitz.",
                "Straße": "Pestalozzistr. 8a",
                "PLZ": "10187 Berlin",
                "Bezirk": "Pankow",
                "Website  Social Media": "https://www.spoergelhof.de/",
                "EMail": "einstieg@spoergelhof.de",
                "Nutzung": "Verteilung von Lebensmitteln ",
                "MitmachMöglichkeiten": "Mitglied werden"
            }
        },
        {
            "type": "Feature",
            "geometry": {
                "type": "Point",
                "coordinates": [
                    13.429847,
                    52.469333
                ]
            },
            "properties": {
                "Lfd Nummer": "SO-015",
                "Name": "Gemeinschaft Spörgelhof - Abholstation St. Jacobi Friedhof",
                "Gartentyp": "SoLaWi-Abholstation",
                "Über uns  Selbstbeschreibung": "Wir sind ein seit Mai 2014 wachsendes Kollektiv von Menschen aus Berlin und Barnim, die gemeinsam ihr Gemüse anbauen. Zusammen mit unseren Gärtner*innen gestalten wir den Spörgelhof: Inmitten von Wald und Wiesen, nahe dem Hellsee, bauen wir regenerativ Gemüse an und finanzieren es mit einer solidarischen Ökonomie. Die Solawi Spörgelhof mit ihren ca. 2,4 Hektar Ackerfläche liegt 30 km nordöstlich Berlins bei Lobetal, nahe Bernau und Wandlitz.",
                "Straße": "Hermannstraße 99 ",
                "PLZ": "12051 Berlin",
                "Bezirk": "Friedrichshain-Kreuzberg",
                "Website  Social Media": "https://www.spoergelhof.de/",
                "EMail": "einstieg@spoergelhof.de",
                "Nutzung": "Verteilung von Lebensmitteln ",
                "MitmachMöglichkeiten": "Mitglied werden"
            }
        },
        {
            "type": "Feature",
            "geometry": {
                "type": "Point",
                "coordinates": [
                    13.467787,
                    52.52019
                ]
            },
            "properties": {
                "Lfd Nummer": "SO-016",
                "Name": "Gemeinschaft Spörgelhof - Abholstation Friedrichshain",
                "Gartentyp": "SoLaWi-Abholstation",
                "Über uns  Selbstbeschreibung": "Wir sind ein seit Mai 2014 wachsendes Kollektiv von Menschen aus Berlin und Barnim, die gemeinsam ihr Gemüse anbauen. Zusammen mit unseren Gärtner*innen gestalten wir den Spörgelhof: Inmitten von Wald und Wiesen, nahe dem Hellsee, bauen wir regenerativ Gemüse an und finanzieren es mit einer solidarischen Ökonomie. Die Solawi Spörgelhof mit ihren ca. 2,4 Hektar Ackerfläche liegt 30 km nordöstlich Berlins bei Lobetal, nahe Bernau und Wandlitz.",
                "Straße": "Eldenaer Str. 24",
                "PLZ": "10247 Berlin",
                "Bezirk": "Friedrichshain-Kreuzberg",
                "Website  Social Media": "https://www.spoergelhof.de/",
                "EMail": "einstieg@spoergelhof.de",
                "Nutzung": "Verteilung von Lebensmitteln ",
                "MitmachMöglichkeiten": "Mitglied werden"
            }
        },
        {
            "type": "Feature",
            "geometry": {
                "type": "Point",
                "coordinates": [
                    13.379884,
                    52.496591
                ]
            },
            "properties": {
                "Lfd Nummer": "SO-017",
                "Name": "Gemeinschaft Spörgelhof - Abholstation Kreuzberg ",
                "Gartentyp": "SoLaWi-Abholstation",
                "Über uns  Selbstbeschreibung": "Wir sind ein seit Mai 2014 wachsendes Kollektiv von Menschen aus Berlin und Barnim, die gemeinsam ihr Gemüse anbauen. Zusammen mit unseren Gärtner*innen gestalten wir den Spörgelhof: Inmitten von Wald und Wiesen, nahe dem Hellsee, bauen wir regenerativ Gemüse an und finanzieren es mit einer solidarischen Ökonomie. Die Solawi Spörgelhof mit ihren ca. 2,4 Hektar Ackerfläche liegt 30 km nordöstlich Berlins bei Lobetal, nahe Bernau und Wandlitz.",
                "Straße": "Wartenburgstr. 7",
                "PLZ": "10963 Berlin",
                "Bezirk": "Friedrichshain-Kreuzberg",
                "Website  Social Media": "https://www.spoergelhof.de/",
                "EMail": "einstieg@spoergelhof.de",
                "Nutzung": "Verteilung von Lebensmitteln ",
                "MitmachMöglichkeiten": "Mitglied werden"
            }
        },
        {
            "type": "Feature",
            "geometry": {
                "type": "Point",
                "coordinates": [
                    13.339321,
                    52.558525
                ]
            },
            "properties": {
                "Lfd Nummer": "SO-018",
                "Name": "Gemeinschaft Spörgelhof - Abholstation Centre Français de Berlin",
                "Gartentyp": "SoLaWi-Abholstation",
                "Über uns  Selbstbeschreibung": "Wir sind ein seit Mai 2014 wachsendes Kollektiv von Menschen aus Berlin und Barnim, die gemeinsam ihr Gemüse anbauen. Zusammen mit unseren Gärtner*innen gestalten wir den Spörgelhof: Inmitten von Wald und Wiesen, nahe dem Hellsee, bauen wir regenerativ Gemüse an und finanzieren es mit einer solidarischen Ökonomie. Die Solawi Spörgelhof mit ihren ca. 2,4 Hektar Ackerfläche liegt 30 km nordöstlich Berlins bei Lobetal, nahe Bernau und Wandlitz.",
                "Straße": "Müllerstraße 74",
                "PLZ": "13349 Berlin",
                "Bezirk": "Wedding",
                "Website  Social Media": "https://www.spoergelhof.de/",
                "EMail": "einstieg@spoergelhof.de",
                "Nutzung": "Verteilung von Lebensmitteln ",
                "MitmachMöglichkeiten": "Mitglied werden"
            }
        },
        {
            "type": "Feature",
            "geometry": {
                "type": "Point",
                "coordinates": [
                    13.485321,
                    52.621265
                ]
            },
            "properties": {
                "Lfd Nummer": "SO-019",
                "Name": "Gemeinschaft Spörgelhof - Abholstation Stadtteilzentrum \"Der Turm\"",
                "Gartentyp": "SoLaWi-Abholstation",
                "Über uns  Selbstbeschreibung": "Wir sind ein seit Mai 2014 wachsendes Kollektiv von Menschen aus Berlin und Barnim, die gemeinsam ihr Gemüse anbauen. Zusammen mit unseren Gärtner*innen gestalten wir den Spörgelhof: Inmitten von Wald und Wiesen, nahe dem Hellsee, bauen wir regenerativ Gemüse an und finanzieren es mit einer solidarischen Ökonomie. Die Solawi Spörgelhof mit ihren ca. 2,4 Hektar Ackerfläche liegt 30 km nordöstlich Berlins bei Lobetal, nahe Bernau und Wandlitz.",
                "Straße": "Busonistraße 136",
                "PLZ": "13125 Berlin",
                "Bezirk": "Pankow",
                "Website  Social Media": "https://www.spoergelhof.de/",
                "EMail": "einstieg@spoergelhof.de",
                "Nutzung": "Verteilung von Lebensmitteln ",
                "MitmachMöglichkeiten": "Mitglied werden"
            }
        },
        {
            "type": "Feature",
            "geometry": {
                "type": "Point",
                "coordinates": [
                    14.107567,
                    52.531099
                ]
            },
            "properties": {
                "Lfd Nummer": "SO-020",
                "Name": "Ackerwesen - Anbau (Waldpferdehof)",
                "Gartentyp": "SoLaWi-Anbaufläche",
                "Über uns  Selbstbeschreibung": "Gemeinsam wollen wir die kleinbäuerliche regionale Öko-Landwirtschaft, das Erzeugen und die Verfügbarkeit gesunder Lebensmittel und das Bewusstsein sozialer Verantwortung in Wirtschaftsbeziehungen fördern. Damit wollen wir zu Klima-, Boden-, und Artenschutz, gesunder Ernährung, sowie zum gesellschaftlichen Strukturwandel beitragen. Der Gemüseanbau findet in der Region Müncheberg/ Seelow, östlich von Berlin statt. Die Versorgung findet zur Zeit in Berlin und Erkner statt. Wir freuen uns über neue Mitglieder, insbesondere im Frühjahr zum Saisonstart. Über unser Wechselsystem besteht aber die Möglichkeit auch unter dem Jahr dazu zu kommen.",
                "Straße": "Am Weiher 6",
                "PLZ": "15374 Müncheberg",
                "Website  Social Media": "https://www.ackerwesen.de/index.htm?n1=0",
                "EMail": "willkommen@ackerwesen.de",
                "Nutzung": "Anbau von Lebensmitteln"
            }
        },
        {
            "type": "Feature",
            "geometry": {
                "type": "Point",
                "coordinates": [
                    14.01337,
                    52.55012
                ]
            },
            "properties": {
                "Lfd Nummer": "SO-021",
                "Name": "Ackerwesen - Anbau (Liebenhof)",
                "Gartentyp": "SoLaWi-Anbaufläche",
                "Über uns  Selbstbeschreibung": "Gemeinsam wollen wir die kleinbäuerliche regionale Öko-Landwirtschaft, das Erzeugen und die Verfügbarkeit gesunder Lebensmittel und das Bewusstsein sozialer Verantwortung in Wirtschaftsbeziehungen fördern. Damit wollen wir zu Klima-, Boden-, und Artenschutz, gesunder Ernährung, sowie zum gesellschaftlichen Strukturwandel beitragen. Der Gemüseanbau findet in der Region Müncheberg/ Seelow, östlich von Berlin statt. Die Versorgung findet zur Zeit in Berlin und Erkner statt. Wir freuen uns über neue Mitglieder, insbesondere im Frühjahr zum Saisonstart. Über unser Wechselsystem besteht aber die Möglichkeit auch unter dem Jahr dazu zu kommen.",
                "Straße": "Liebenhof 11",
                "PLZ": "15345 Garzau-Garzin",
                "Website  Social Media": "https://www.ackerwesen.de/index.htm?n1=0",
                "EMail": "willkommen@ackerwesen.de",
                "Nutzung": "Anbau von Lebensmitteln"
            }
        },
        {
            "type": "Feature",
            "geometry": {
                "type": "Point",
                "coordinates": [
                    14.4307,
                    52.476712
                ]
            },
            "properties": {
                "Lfd Nummer": "SO-022",
                "Name": "Ackerwesen - Anbau (Heimen)",
                "Gartentyp": "SoLaWi-Anbaufläche",
                "Über uns  Selbstbeschreibung": "Gemeinsam wollen wir die kleinbäuerliche regionale Öko-Landwirtschaft, das Erzeugen und die Verfügbarkeit gesunder Lebensmittel und das Bewusstsein sozialer Verantwortung in Wirtschaftsbeziehungen fördern. Damit wollen wir zu Klima-, Boden-, und Artenschutz, gesunder Ernährung, sowie zum gesellschaftlichen Strukturwandel beitragen. Der Gemüseanbau findet in der Region Müncheberg/ Seelow, östlich von Berlin statt. Die Versorgung findet zur Zeit in Berlin und Erkner statt. Wir freuen uns über neue Mitglieder, insbesondere im Frühjahr zum Saisonstart. Über unser Wechselsystem besteht aber die Möglichkeit auch unter dem Jahr dazu zu kommen.",
                "Straße": "Lindenstraße 1",
                "PLZ": "15306 Lindendorf",
                "Website  Social Media": "https://www.ackerwesen.de/index.htm?n1=0",
                "EMail": "willkommen@ackerwesen.de",
                "Nutzung": "Anbau von Lebensmitteln"
            }
        },
        {
            "type": "Feature",
            "geometry": {
                "type": "Point",
                "coordinates": [
                    null,
                    null
                ]
            },
            "properties": {
                "Lfd Nummer": "SO-023",
                "Name": "Ackerwesen - Anbau (Obsthof Hauke)",
                "Gartentyp": "SoLaWi-Anbaufläche",
                "Über uns  Selbstbeschreibung": "Gemeinsam wollen wir die kleinbäuerliche regionale Öko-Landwirtschaft, das Erzeugen und die Verfügbarkeit gesunder Lebensmittel und das Bewusstsein sozialer Verantwortung in Wirtschaftsbeziehungen fördern. Damit wollen wir zu Klima-, Boden-, und Artenschutz, gesunder Ernährung, sowie zum gesellschaftlichen Strukturwandel beitragen. Der Gemüseanbau findet in der Region Müncheberg/ Seelow, östlich von Berlin statt. Die Versorgung findet zur Zeit in Berlin und Erkner statt. Wir freuen uns über neue Mitglieder, insbesondere im Frühjahr zum Saisonstart. Über unser Wechselsystem besteht aber die Möglichkeit auch unter dem Jahr dazu zu kommen.",
                "Straße": "Birnenweg 12",
                "PLZ": "15236 Frankfurt (Oder)",
                "Website  Social Media": "https://www.ackerwesen.de/index.htm?n1=0",
                "EMail": "willkommen@ackerwesen.de",
                "Nutzung": "Anbau von Lebensmitteln"
            }
        },
        {
            "type": "Feature",
            "geometry": {
                "type": "Point",
                "coordinates": [
                    null,
                    null
                ]
            },
            "properties": {
                "Lfd Nummer": "SO-024",
                "Name": "Ackerwesen - Abholstation Alt-Treptow",
                "Gartentyp": "SoLaWi-Abholstation",
                "Über uns  Selbstbeschreibung": "Gemeinsam wollen wir die kleinbäuerliche regionale Öko-Landwirtschaft, das Erzeugen und die Verfügbarkeit gesunder Lebensmittel und das Bewusstsein sozialer Verantwortung in Wirtschaftsbeziehungen fördern. Damit wollen wir zu Klima-, Boden-, und Artenschutz, gesunder Ernährung, sowie zum gesellschaftlichen Strukturwandel beitragen. Der Gemüseanbau findet in der Region Müncheberg/ Seelow, östlich von Berlin statt. Die Versorgung findet zur Zeit in Berlin und Erkner statt. Wir freuen uns über neue Mitglieder, insbesondere im Frühjahr zum Saisonstart. Über unser Wechselsystem besteht aber die Möglichkeit auch unter dem Jahr dazu zu kommen.",
                "Straße": "Elsenstr. 52",
                "PLZ": "12059 Berlin",
                "Bezirk": "Treptow-Köpenick",
                "Website  Social Media": "https://www.ackerwesen.de/index.htm?n1=0",
                "EMail": "willkommen@ackerwesen.de",
                "Nutzung": "Verteilung von Lebensmitteln ",
                "MitmachMöglichkeiten": "Mitglied werden"
            }
        },
        {
            "type": "Feature",
            "geometry": {
                "type": "Point",
                "coordinates": [
                    null,
                    null
                ]
            },
            "properties": {
                "Lfd Nummer": "SO-025",
                "Name": "Ackerwesen - Abholstation Baumschulenweg",
                "Gartentyp": "SoLaWi-Abholstation",
                "Über uns  Selbstbeschreibung": "Gemeinsam wollen wir die kleinbäuerliche regionale Öko-Landwirtschaft, das Erzeugen und die Verfügbarkeit gesunder Lebensmittel und das Bewusstsein sozialer Verantwortung in Wirtschaftsbeziehungen fördern. Damit wollen wir zu Klima-, Boden-, und Artenschutz, gesunder Ernährung, sowie zum gesellschaftlichen Strukturwandel beitragen. Der Gemüseanbau findet in der Region Müncheberg/ Seelow, östlich von Berlin statt. Die Versorgung findet zur Zeit in Berlin und Erkner statt. Wir freuen uns über neue Mitglieder, insbesondere im Frühjahr zum Saisonstart. Über unser Wechselsystem besteht aber die Möglichkeit auch unter dem Jahr dazu zu kommen.",
                "Straße": "Sonnenallee 319",
                "PLZ": "12057 Berlin",
                "Bezirk": "Treptow-Köpenick",
                "Website  Social Media": "https://www.ackerwesen.de/index.htm?n1=0",
                "EMail": "willkommen@ackerwesen.de",
                "Nutzung": "Verteilung von Lebensmitteln ",
                "MitmachMöglichkeiten": "Mitglied werden"
            }
        },
        {
            "type": "Feature",
            "geometry": {
                "type": "Point",
                "coordinates": [
                    null,
                    null
                ]
            },
            "properties": {
                "Lfd Nummer": "SO-026",
                "Name": "Ackerwesen - Abholstation Biesdorf",
                "Gartentyp": "SoLaWi-Abholstation",
                "Über uns  Selbstbeschreibung": "Gemeinsam wollen wir die kleinbäuerliche regionale Öko-Landwirtschaft, das Erzeugen und die Verfügbarkeit gesunder Lebensmittel und das Bewusstsein sozialer Verantwortung in Wirtschaftsbeziehungen fördern. Damit wollen wir zu Klima-, Boden-, und Artenschutz, gesunder Ernährung, sowie zum gesellschaftlichen Strukturwandel beitragen. Der Gemüseanbau findet in der Region Müncheberg/ Seelow, östlich von Berlin statt. Die Versorgung findet zur Zeit in Berlin und Erkner statt. Wir freuen uns über neue Mitglieder, insbesondere im Frühjahr zum Saisonstart. Über unser Wechselsystem besteht aber die Möglichkeit auch unter dem Jahr dazu zu kommen.",
                "Straße": "Alt-Biesdorf 15",
                "PLZ": "12683 Berlin",
                "Bezirk": "Marzahn-Hellersdorf",
                "Website  Social Media": "https://www.ackerwesen.de/index.htm?n1=0",
                "EMail": "willkommen@ackerwesen.de",
                "Nutzung": "Verteilung von Lebensmitteln ",
                "MitmachMöglichkeiten": "Mitglied werden"
            }
        },
        {
            "type": "Feature",
            "geometry": {
                "type": "Point",
                "coordinates": [
                    null,
                    null
                ]
            },
            "properties": {
                "Lfd Nummer": "SO-027",
                "Name": "Ackerwesen - Abholstation Charlottenburg ",
                "Gartentyp": "SoLaWi-Abholstation",
                "Über uns  Selbstbeschreibung": "Gemeinsam wollen wir die kleinbäuerliche regionale Öko-Landwirtschaft, das Erzeugen und die Verfügbarkeit gesunder Lebensmittel und das Bewusstsein sozialer Verantwortung in Wirtschaftsbeziehungen fördern. Damit wollen wir zu Klima-, Boden-, und Artenschutz, gesunder Ernährung, sowie zum gesellschaftlichen Strukturwandel beitragen. Der Gemüseanbau findet in der Region Müncheberg/ Seelow, östlich von Berlin statt. Die Versorgung findet zur Zeit in Berlin und Erkner statt. Wir freuen uns über neue Mitglieder, insbesondere im Frühjahr zum Saisonstart. Über unser Wechselsystem besteht aber die Möglichkeit auch unter dem Jahr dazu zu kommen.",
                "Straße": "Fritschestr. 28",
                "PLZ": "10585 Berlin",
                "Bezirk": "Charlottenburg-Wilmersdorf",
                "Website  Social Media": "https://www.ackerwesen.de/index.htm?n1=0",
                "EMail": "willkommen@ackerwesen.de",
                "Nutzung": "Verteilung von Lebensmitteln ",
                "MitmachMöglichkeiten": "Mitglied werden"
            }
        },
        {
            "type": "Feature",
            "geometry": {
                "type": "Point",
                "coordinates": [
                    null,
                    null
                ]
            },
            "properties": {
                "Lfd Nummer": "SO-028",
                "Name": "Ackerwesen - Abholstation Dahlem ",
                "Gartentyp": "SoLaWi-Abholstation",
                "Über uns  Selbstbeschreibung": "Gemeinsam wollen wir die kleinbäuerliche regionale Öko-Landwirtschaft, das Erzeugen und die Verfügbarkeit gesunder Lebensmittel und das Bewusstsein sozialer Verantwortung in Wirtschaftsbeziehungen fördern. Damit wollen wir zu Klima-, Boden-, und Artenschutz, gesunder Ernährung, sowie zum gesellschaftlichen Strukturwandel beitragen. Der Gemüseanbau findet in der Region Müncheberg/ Seelow, östlich von Berlin statt. Die Versorgung findet zur Zeit in Berlin und Erkner statt. Wir freuen uns über neue Mitglieder, insbesondere im Frühjahr zum Saisonstart. Über unser Wechselsystem besteht aber die Möglichkeit auch unter dem Jahr dazu zu kommen.",
                "Straße": "Meisenstraße 20B",
                "PLZ": "14195 Berlin",
                "Bezirk": "Steglitz-Zehlendorf",
                "Website  Social Media": "https://www.ackerwesen.de/index.htm?n1=0",
                "EMail": "willkommen@ackerwesen.de",
                "Nutzung": "Verteilung von Lebensmitteln ",
                "MitmachMöglichkeiten": "Mitglied werden"
            }
        },
        {
            "type": "Feature",
            "geometry": {
                "type": "Point",
                "coordinates": [
                    null,
                    null
                ]
            },
            "properties": {
                "Lfd Nummer": "SO-029",
                "Name": "Ackerwesen - Abholstation Friedrichshagen",
                "Gartentyp": "SoLaWi-Abholstation",
                "Über uns  Selbstbeschreibung": "Gemeinsam wollen wir die kleinbäuerliche regionale Öko-Landwirtschaft, das Erzeugen und die Verfügbarkeit gesunder Lebensmittel und das Bewusstsein sozialer Verantwortung in Wirtschaftsbeziehungen fördern. Damit wollen wir zu Klima-, Boden-, und Artenschutz, gesunder Ernährung, sowie zum gesellschaftlichen Strukturwandel beitragen. Der Gemüseanbau findet in der Region Müncheberg/ Seelow, östlich von Berlin statt. Die Versorgung findet zur Zeit in Berlin und Erkner statt. Wir freuen uns über neue Mitglieder, insbesondere im Frühjahr zum Saisonstart. Über unser Wechselsystem besteht aber die Möglichkeit auch unter dem Jahr dazu zu kommen.",
                "Straße": "Julius-Hart-Str. 3",
                "PLZ": "12587 Berlin",
                "Bezirk": "Treptow-Köpenick",
                "Website  Social Media": "https://www.ackerwesen.de/index.htm?n1=0",
                "EMail": "willkommen@ackerwesen.de",
                "Nutzung": "Verteilung von Lebensmitteln ",
                "MitmachMöglichkeiten": "Mitglied werden"
            }
        },
        {
            "type": "Feature",
            "geometry": {
                "type": "Point",
                "coordinates": [
                    null,
                    null
                ]
            },
            "properties": {
                "Lfd Nummer": "SO-030",
                "Name": "Ackerwesen - Abholstation Friedrichshain 1",
                "Gartentyp": "SoLaWi-Abholstation",
                "Über uns  Selbstbeschreibung": "Gemeinsam wollen wir die kleinbäuerliche regionale Öko-Landwirtschaft, das Erzeugen und die Verfügbarkeit gesunder Lebensmittel und das Bewusstsein sozialer Verantwortung in Wirtschaftsbeziehungen fördern. Damit wollen wir zu Klima-, Boden-, und Artenschutz, gesunder Ernährung, sowie zum gesellschaftlichen Strukturwandel beitragen. Der Gemüseanbau findet in der Region Müncheberg/ Seelow, östlich von Berlin statt. Die Versorgung findet zur Zeit in Berlin und Erkner statt. Wir freuen uns über neue Mitglieder, insbesondere im Frühjahr zum Saisonstart. Über unser Wechselsystem besteht aber die Möglichkeit auch unter dem Jahr dazu zu kommen.",
                "Straße": "Weidenweg 17",
                "PLZ": "10249 Berlin",
                "Bezirk": "Friedrichshain-Kreuzberg",
                "Website  Social Media": "https://www.ackerwesen.de/index.htm?n1=0",
                "EMail": "willkommen@ackerwesen.de",
                "Nutzung": "Verteilung von Lebensmitteln ",
                "MitmachMöglichkeiten": "Mitglied werden"
            }
        },
        {
            "type": "Feature",
            "geometry": {
                "type": "Point",
                "coordinates": [
                    null,
                    null
                ]
            },
            "properties": {
                "Lfd Nummer": "SO-031",
                "Name": "Ackerwesen - Abholstation Friedrichshain 2",
                "Gartentyp": "SoLaWi-Abholstation",
                "Über uns  Selbstbeschreibung": "Gemeinsam wollen wir die kleinbäuerliche regionale Öko-Landwirtschaft, das Erzeugen und die Verfügbarkeit gesunder Lebensmittel und das Bewusstsein sozialer Verantwortung in Wirtschaftsbeziehungen fördern. Damit wollen wir zu Klima-, Boden-, und Artenschutz, gesunder Ernährung, sowie zum gesellschaftlichen Strukturwandel beitragen. Der Gemüseanbau findet in der Region Müncheberg/ Seelow, östlich von Berlin statt. Die Versorgung findet zur Zeit in Berlin und Erkner statt. Wir freuen uns über neue Mitglieder, insbesondere im Frühjahr zum Saisonstart. Über unser Wechselsystem besteht aber die Möglichkeit auch unter dem Jahr dazu zu kommen.",
                "Straße": "Straßmannstr. 17",
                "PLZ": "10249 Berlin",
                "Bezirk": "Friedrichshain-Kreuzberg",
                "Website  Social Media": "https://www.ackerwesen.de/index.htm?n1=0",
                "EMail": "willkommen@ackerwesen.de",
                "Nutzung": "Verteilung von Lebensmitteln ",
                "MitmachMöglichkeiten": "Mitglied werden"
            }
        },
        {
            "type": "Feature",
            "geometry": {
                "type": "Point",
                "coordinates": [
                    null,
                    null
                ]
            },
            "properties": {
                "Lfd Nummer": "SO-032",
                "Name": "Ackerwesen - Abholstation Frohnau ",
                "Gartentyp": "SoLaWi-Abholstation",
                "Über uns  Selbstbeschreibung": "Gemeinsam wollen wir die kleinbäuerliche regionale Öko-Landwirtschaft, das Erzeugen und die Verfügbarkeit gesunder Lebensmittel und das Bewusstsein sozialer Verantwortung in Wirtschaftsbeziehungen fördern. Damit wollen wir zu Klima-, Boden-, und Artenschutz, gesunder Ernährung, sowie zum gesellschaftlichen Strukturwandel beitragen. Der Gemüseanbau findet in der Region Müncheberg/ Seelow, östlich von Berlin statt. Die Versorgung findet zur Zeit in Berlin und Erkner statt. Wir freuen uns über neue Mitglieder, insbesondere im Frühjahr zum Saisonstart. Über unser Wechselsystem besteht aber die Möglichkeit auch unter dem Jahr dazu zu kommen.",
                "Straße": "Huttenstr. 10",
                "PLZ": "13465 Berlin",
                "Bezirk": "Reinickendorf ",
                "Website  Social Media": "https://www.ackerwesen.de/index.htm?n1=0",
                "EMail": "willkommen@ackerwesen.de",
                "Nutzung": "Verteilung von Lebensmitteln ",
                "MitmachMöglichkeiten": "Mitglied werden"
            }
        },
        {
            "type": "Feature",
            "geometry": {
                "type": "Point",
                "coordinates": [
                    null,
                    null
                ]
            },
            "properties": {
                "Lfd Nummer": "SO-033",
                "Name": "Ackerwesen - Abholstation Gesundbrunnen 1",
                "Gartentyp": "SoLaWi-Abholstation",
                "Über uns  Selbstbeschreibung": "Gemeinsam wollen wir die kleinbäuerliche regionale Öko-Landwirtschaft, das Erzeugen und die Verfügbarkeit gesunder Lebensmittel und das Bewusstsein sozialer Verantwortung in Wirtschaftsbeziehungen fördern. Damit wollen wir zu Klima-, Boden-, und Artenschutz, gesunder Ernährung, sowie zum gesellschaftlichen Strukturwandel beitragen. Der Gemüseanbau findet in der Region Müncheberg/ Seelow, östlich von Berlin statt. Die Versorgung findet zur Zeit in Berlin und Erkner statt. Wir freuen uns über neue Mitglieder, insbesondere im Frühjahr zum Saisonstart. Über unser Wechselsystem besteht aber die Möglichkeit auch unter dem Jahr dazu zu kommen.",
                "Straße": "Grüntaler Str. 38",
                "PLZ": "13359 Berlin ",
                "Bezirk": "Mitte ",
                "Website  Social Media": "https://www.ackerwesen.de/index.htm?n1=0",
                "EMail": "willkommen@ackerwesen.de",
                "Nutzung": "Verteilung von Lebensmitteln ",
                "MitmachMöglichkeiten": "Mitglied werden"
            }
        },
        {
            "type": "Feature",
            "geometry": {
                "type": "Point",
                "coordinates": [
                    null,
                    null
                ]
            },
            "properties": {
                "Lfd Nummer": "SO-034",
                "Name": "Ackerwesen - Abholstation Gesundbrunnen 2",
                "Gartentyp": "SoLaWi-Abholstation",
                "Über uns  Selbstbeschreibung": "Gemeinsam wollen wir die kleinbäuerliche regionale Öko-Landwirtschaft, das Erzeugen und die Verfügbarkeit gesunder Lebensmittel und das Bewusstsein sozialer Verantwortung in Wirtschaftsbeziehungen fördern. Damit wollen wir zu Klima-, Boden-, und Artenschutz, gesunder Ernährung, sowie zum gesellschaftlichen Strukturwandel beitragen. Der Gemüseanbau findet in der Region Müncheberg/ Seelow, östlich von Berlin statt. Die Versorgung findet zur Zeit in Berlin und Erkner statt. Wir freuen uns über neue Mitglieder, insbesondere im Frühjahr zum Saisonstart. Über unser Wechselsystem besteht aber die Möglichkeit auch unter dem Jahr dazu zu kommen.",
                "Straße": "Prinzenallee 58 ",
                "PLZ": "13359 Berlin",
                "Bezirk": "Mitte",
                "Website  Social Media": "https://www.ackerwesen.de/index.htm?n1=0",
                "EMail": "willkommen@ackerwesen.de",
                "Nutzung": "Verteilung von Lebensmitteln ",
                "MitmachMöglichkeiten": "Mitglied werden"
            }
        },
        {
            "type": "Feature",
            "geometry": {
                "type": "Point",
                "coordinates": [
                    null,
                    null
                ]
            },
            "properties": {
                "Lfd Nummer": "SO-035",
                "Name": "Ackerwesen - Abholstation Gesundbrunnen 3",
                "Gartentyp": "SoLaWi-Abholstation",
                "Über uns  Selbstbeschreibung": "Gemeinsam wollen wir die kleinbäuerliche regionale Öko-Landwirtschaft, das Erzeugen und die Verfügbarkeit gesunder Lebensmittel und das Bewusstsein sozialer Verantwortung in Wirtschaftsbeziehungen fördern. Damit wollen wir zu Klima-, Boden-, und Artenschutz, gesunder Ernährung, sowie zum gesellschaftlichen Strukturwandel beitragen. Der Gemüseanbau findet in der Region Müncheberg/ Seelow, östlich von Berlin statt. Die Versorgung findet zur Zeit in Berlin und Erkner statt. Wir freuen uns über neue Mitglieder, insbesondere im Frühjahr zum Saisonstart. Über unser Wechselsystem besteht aber die Möglichkeit auch unter dem Jahr dazu zu kommen.",
                "Straße": "Swinemünder Str. 51",
                "PLZ": "13355 Berlin",
                "Bezirk": "Mitte ",
                "Website  Social Media": "https://www.ackerwesen.de/index.htm?n1=0",
                "EMail": "willkommen@ackerwesen.de",
                "Nutzung": "Verteilung von Lebensmitteln ",
                "MitmachMöglichkeiten": "Mitglied werden"
            }
        },
        {
            "type": "Feature",
            "geometry": {
                "type": "Point",
                "coordinates": [
                    null,
                    null
                ]
            },
            "properties": {
                "Lfd Nummer": "SO-036",
                "Name": "Ackerwesen - Abholstation Grünau ",
                "Gartentyp": "SoLaWi-Abholstation",
                "Über uns  Selbstbeschreibung": "Gemeinsam wollen wir die kleinbäuerliche regionale Öko-Landwirtschaft, das Erzeugen und die Verfügbarkeit gesunder Lebensmittel und das Bewusstsein sozialer Verantwortung in Wirtschaftsbeziehungen fördern. Damit wollen wir zu Klima-, Boden-, und Artenschutz, gesunder Ernährung, sowie zum gesellschaftlichen Strukturwandel beitragen. Der Gemüseanbau findet in der Region Müncheberg/ Seelow, östlich von Berlin statt. Die Versorgung findet zur Zeit in Berlin und Erkner statt. Wir freuen uns über neue Mitglieder, insbesondere im Frühjahr zum Saisonstart. Über unser Wechselsystem besteht aber die Möglichkeit auch unter dem Jahr dazu zu kommen.",
                "Straße": "Regattastr. 133",
                "PLZ": "12527 Berlin",
                "Bezirk": "Treptow-Köpenick",
                "Website  Social Media": "https://www.ackerwesen.de/index.htm?n1=0",
                "EMail": "willkommen@ackerwesen.de",
                "Nutzung": "Verteilung von Lebensmitteln ",
                "MitmachMöglichkeiten": "Mitglied werden"
            }
        },
        {
            "type": "Feature",
            "geometry": {
                "type": "Point",
                "coordinates": [
                    null,
                    null
                ]
            },
            "properties": {
                "Lfd Nummer": "SO-037",
                "Name": "Ackerwesen - Abholstation Hermsdorf",
                "Gartentyp": "SoLaWi-Abholstation",
                "Über uns  Selbstbeschreibung": "Gemeinsam wollen wir die kleinbäuerliche regionale Öko-Landwirtschaft, das Erzeugen und die Verfügbarkeit gesunder Lebensmittel und das Bewusstsein sozialer Verantwortung in Wirtschaftsbeziehungen fördern. Damit wollen wir zu Klima-, Boden-, und Artenschutz, gesunder Ernährung, sowie zum gesellschaftlichen Strukturwandel beitragen. Der Gemüseanbau findet in der Region Müncheberg/ Seelow, östlich von Berlin statt. Die Versorgung findet zur Zeit in Berlin und Erkner statt. Wir freuen uns über neue Mitglieder, insbesondere im Frühjahr zum Saisonstart. Über unser Wechselsystem besteht aber die Möglichkeit auch unter dem Jahr dazu zu kommen.",
                "Straße": "Friedrichsthaler Weg 29",
                "PLZ": "13467 Berlin",
                "Bezirk": "Reinickendorf",
                "Website  Social Media": "https://www.ackerwesen.de/index.htm?n1=0",
                "EMail": "willkommen@ackerwesen.de",
                "Nutzung": "Verteilung von Lebensmitteln ",
                "MitmachMöglichkeiten": "Mitglied werden"
            }
        },
        {
            "type": "Feature",
            "geometry": {
                "type": "Point",
                "coordinates": [
                    null,
                    null
                ]
            },
            "properties": {
                "Lfd Nummer": "SO-038",
                "Name": "Ackerwesen - Abholstation Johannisthal",
                "Gartentyp": "SoLaWi-Abholstation",
                "Über uns  Selbstbeschreibung": "Gemeinsam wollen wir die kleinbäuerliche regionale Öko-Landwirtschaft, das Erzeugen und die Verfügbarkeit gesunder Lebensmittel und das Bewusstsein sozialer Verantwortung in Wirtschaftsbeziehungen fördern. Damit wollen wir zu Klima-, Boden-, und Artenschutz, gesunder Ernährung, sowie zum gesellschaftlichen Strukturwandel beitragen. Der Gemüseanbau findet in der Region Müncheberg/ Seelow, östlich von Berlin statt. Die Versorgung findet zur Zeit in Berlin und Erkner statt. Wir freuen uns über neue Mitglieder, insbesondere im Frühjahr zum Saisonstart. Über unser Wechselsystem besteht aber die Möglichkeit auch unter dem Jahr dazu zu kommen.",
                "Straße": "Arthur-Müller-Str. 26",
                "PLZ": "12487 Berlin",
                "Bezirk": "Treptow-Köpenick",
                "Website  Social Media": "https://www.ackerwesen.de/index.htm?n1=0",
                "EMail": "willkommen@ackerwesen.de",
                "Nutzung": "Verteilung von Lebensmitteln ",
                "MitmachMöglichkeiten": "Mitglied werden"
            }
        },
        {
            "type": "Feature",
            "geometry": {
                "type": "Point",
                "coordinates": [
                    null,
                    null
                ]
            },
            "properties": {
                "Lfd Nummer": "SO-039",
                "Name": "Ackerwesen - Abholstation Karlshorst ",
                "Gartentyp": "SoLaWi-Abholstation",
                "Über uns  Selbstbeschreibung": "Gemeinsam wollen wir die kleinbäuerliche regionale Öko-Landwirtschaft, das Erzeugen und die Verfügbarkeit gesunder Lebensmittel und das Bewusstsein sozialer Verantwortung in Wirtschaftsbeziehungen fördern. Damit wollen wir zu Klima-, Boden-, und Artenschutz, gesunder Ernährung, sowie zum gesellschaftlichen Strukturwandel beitragen. Der Gemüseanbau findet in der Region Müncheberg/ Seelow, östlich von Berlin statt. Die Versorgung findet zur Zeit in Berlin und Erkner statt. Wir freuen uns über neue Mitglieder, insbesondere im Frühjahr zum Saisonstart. Über unser Wechselsystem besteht aber die Möglichkeit auch unter dem Jahr dazu zu kommen.",
                "Straße": "Gundelfinger Str. 11",
                "PLZ": "10318 Berlin",
                "Bezirk": "Lichtenberg",
                "Website  Social Media": "https://www.ackerwesen.de/index.htm?n1=0",
                "EMail": "willkommen@ackerwesen.de",
                "Nutzung": "Verteilung von Lebensmitteln ",
                "MitmachMöglichkeiten": "Mitglied werden"
            }
        },
        {
            "type": "Feature",
            "geometry": {
                "type": "Point",
                "coordinates": [
                    null,
                    null
                ]
            },
            "properties": {
                "Lfd Nummer": "SO-040",
                "Name": "Ackerwesen - Abholstation Köpenick",
                "Gartentyp": "SoLaWi-Abholstation",
                "Über uns  Selbstbeschreibung": "Gemeinsam wollen wir die kleinbäuerliche regionale Öko-Landwirtschaft, das Erzeugen und die Verfügbarkeit gesunder Lebensmittel und das Bewusstsein sozialer Verantwortung in Wirtschaftsbeziehungen fördern. Damit wollen wir zu Klima-, Boden-, und Artenschutz, gesunder Ernährung, sowie zum gesellschaftlichen Strukturwandel beitragen. Der Gemüseanbau findet in der Region Müncheberg/ Seelow, östlich von Berlin statt. Die Versorgung findet zur Zeit in Berlin und Erkner statt. Wir freuen uns über neue Mitglieder, insbesondere im Frühjahr zum Saisonstart. Über unser Wechselsystem besteht aber die Möglichkeit auch unter dem Jahr dazu zu kommen.",
                "Straße": "Lobitzweg 1-5",
                "PLZ": "12557 Berlin",
                "Bezirk": "Treptow-Köpenick",
                "Website  Social Media": "https://www.ackerwesen.de/index.htm?n1=0",
                "EMail": "willkommen@ackerwesen.de",
                "Nutzung": "Verteilung von Lebensmitteln ",
                "MitmachMöglichkeiten": "Mitglied werden"
            }
        },
        {
            "type": "Feature",
            "geometry": {
                "type": "Point",
                "coordinates": [
                    null,
                    null
                ]
            },
            "properties": {
                "Lfd Nummer": "SO-041",
                "Name": "Ackerwesen - Abholstation Kreuzberg 1",
                "Gartentyp": "SoLaWi-Abholstation",
                "Über uns  Selbstbeschreibung": "Gemeinsam wollen wir die kleinbäuerliche regionale Öko-Landwirtschaft, das Erzeugen und die Verfügbarkeit gesunder Lebensmittel und das Bewusstsein sozialer Verantwortung in Wirtschaftsbeziehungen fördern. Damit wollen wir zu Klima-, Boden-, und Artenschutz, gesunder Ernährung, sowie zum gesellschaftlichen Strukturwandel beitragen. Der Gemüseanbau findet in der Region Müncheberg/ Seelow, östlich von Berlin statt. Die Versorgung findet zur Zeit in Berlin und Erkner statt. Wir freuen uns über neue Mitglieder, insbesondere im Frühjahr zum Saisonstart. Über unser Wechselsystem besteht aber die Möglichkeit auch unter dem Jahr dazu zu kommen.",
                "Straße": "Reichenberger Straße 36",
                "PLZ": "10999 Berlin",
                "Bezirk": "Friedrichshain-Kreuzberg",
                "Website  Social Media": "https://www.ackerwesen.de/index.htm?n1=0",
                "EMail": "willkommen@ackerwesen.de",
                "Nutzung": "Verteilung von Lebensmitteln ",
                "MitmachMöglichkeiten": "Mitglied werden"
            }
        },
        {
            "type": "Feature",
            "geometry": {
                "type": "Point",
                "coordinates": [
                    null,
                    null
                ]
            },
            "properties": {
                "Lfd Nummer": "SO-042",
                "Name": "Ackerwesen - Abholstation Kreuzberg 2",
                "Gartentyp": "SoLaWi-Abholstation",
                "Über uns  Selbstbeschreibung": "Gemeinsam wollen wir die kleinbäuerliche regionale Öko-Landwirtschaft, das Erzeugen und die Verfügbarkeit gesunder Lebensmittel und das Bewusstsein sozialer Verantwortung in Wirtschaftsbeziehungen fördern. Damit wollen wir zu Klima-, Boden-, und Artenschutz, gesunder Ernährung, sowie zum gesellschaftlichen Strukturwandel beitragen. Der Gemüseanbau findet in der Region Müncheberg/ Seelow, östlich von Berlin statt. Die Versorgung findet zur Zeit in Berlin und Erkner statt. Wir freuen uns über neue Mitglieder, insbesondere im Frühjahr zum Saisonstart. Über unser Wechselsystem besteht aber die Möglichkeit auch unter dem Jahr dazu zu kommen.",
                "Straße": "Zossener Str. 16",
                "PLZ": "10961 Berlin",
                "Bezirk": "Friedrichshain-Kreuzberg",
                "Website  Social Media": "https://www.ackerwesen.de/index.htm?n1=0",
                "EMail": "willkommen@ackerwesen.de",
                "Nutzung": "Verteilung von Lebensmitteln ",
                "MitmachMöglichkeiten": "Mitglied werden"
            }
        },
        {
            "type": "Feature",
            "geometry": {
                "type": "Point",
                "coordinates": [
                    null,
                    null
                ]
            },
            "properties": {
                "Lfd Nummer": "SO-043",
                "Name": "Ackerwesen - Abholstation Kreuzberg 3",
                "Gartentyp": "SoLaWi-Abholstation",
                "Über uns  Selbstbeschreibung": "Gemeinsam wollen wir die kleinbäuerliche regionale Öko-Landwirtschaft, das Erzeugen und die Verfügbarkeit gesunder Lebensmittel und das Bewusstsein sozialer Verantwortung in Wirtschaftsbeziehungen fördern. Damit wollen wir zu Klima-, Boden-, und Artenschutz, gesunder Ernährung, sowie zum gesellschaftlichen Strukturwandel beitragen. Der Gemüseanbau findet in der Region Müncheberg/ Seelow, östlich von Berlin statt. Die Versorgung findet zur Zeit in Berlin und Erkner statt. Wir freuen uns über neue Mitglieder, insbesondere im Frühjahr zum Saisonstart. Über unser Wechselsystem besteht aber die Möglichkeit auch unter dem Jahr dazu zu kommen.",
                "Straße": "Geßlerstraße 11",
                "PLZ": "10829 Berlin",
                "Bezirk": "Friedrichshain-Kreuzberg",
                "Website  Social Media": "https://www.ackerwesen.de/index.htm?n1=0",
                "EMail": "willkommen@ackerwesen.de",
                "Nutzung": "Verteilung von Lebensmitteln ",
                "MitmachMöglichkeiten": "Mitglied werden"
            }
        },
        {
            "type": "Feature",
            "geometry": {
                "type": "Point",
                "coordinates": [
                    null,
                    null
                ]
            },
            "properties": {
                "Lfd Nummer": "SO-044",
                "Name": "Ackerwesen - Abholstation Kreuzberg 4",
                "Gartentyp": "SoLaWi-Abholstation",
                "Über uns  Selbstbeschreibung": "Gemeinsam wollen wir die kleinbäuerliche regionale Öko-Landwirtschaft, das Erzeugen und die Verfügbarkeit gesunder Lebensmittel und das Bewusstsein sozialer Verantwortung in Wirtschaftsbeziehungen fördern. Damit wollen wir zu Klima-, Boden-, und Artenschutz, gesunder Ernährung, sowie zum gesellschaftlichen Strukturwandel beitragen. Der Gemüseanbau findet in der Region Müncheberg/ Seelow, östlich von Berlin statt. Die Versorgung findet zur Zeit in Berlin und Erkner statt. Wir freuen uns über neue Mitglieder, insbesondere im Frühjahr zum Saisonstart. Über unser Wechselsystem besteht aber die Möglichkeit auch unter dem Jahr dazu zu kommen.",
                "Straße": "Adalbertstr. 71",
                "PLZ": "10997 Berlin",
                "Bezirk": "Friedrichshain-Kreuzberg",
                "Website  Social Media": "https://www.ackerwesen.de/index.htm?n1=0",
                "EMail": "willkommen@ackerwesen.de",
                "Nutzung": "Verteilung von Lebensmitteln ",
                "MitmachMöglichkeiten": "Mitglied werden"
            }
        },
        {
            "type": "Feature",
            "geometry": {
                "type": "Point",
                "coordinates": [
                    null,
                    null
                ]
            },
            "properties": {
                "Lfd Nummer": "SO-045",
                "Name": "Ackerwesen - Abholstation Lichtenberg ",
                "Gartentyp": "SoLaWi-Abholstation",
                "Über uns  Selbstbeschreibung": "Gemeinsam wollen wir die kleinbäuerliche regionale Öko-Landwirtschaft, das Erzeugen und die Verfügbarkeit gesunder Lebensmittel und das Bewusstsein sozialer Verantwortung in Wirtschaftsbeziehungen fördern. Damit wollen wir zu Klima-, Boden-, und Artenschutz, gesunder Ernährung, sowie zum gesellschaftlichen Strukturwandel beitragen. Der Gemüseanbau findet in der Region Müncheberg/ Seelow, östlich von Berlin statt. Die Versorgung findet zur Zeit in Berlin und Erkner statt. Wir freuen uns über neue Mitglieder, insbesondere im Frühjahr zum Saisonstart. Über unser Wechselsystem besteht aber die Möglichkeit auch unter dem Jahr dazu zu kommen.",
                "Straße": "Magdalenenstraße 19",
                "PLZ": "10365 Berlin",
                "Bezirk": "Friedrichshain-Kreuzberg",
                "Website  Social Media": "https://www.ackerwesen.de/index.htm?n1=0",
                "EMail": "willkommen@ackerwesen.de",
                "Nutzung": "Verteilung von Lebensmitteln ",
                "MitmachMöglichkeiten": "Mitglied werden"
            }
        },
        {
            "type": "Feature",
            "geometry": {
                "type": "Point",
                "coordinates": [
                    null,
                    null
                ]
            },
            "properties": {
                "Lfd Nummer": "SO-046",
                "Name": "Ackerwesen - Abholstation Mitte ",
                "Gartentyp": "SoLaWi-Abholstation",
                "Über uns  Selbstbeschreibung": "Gemeinsam wollen wir die kleinbäuerliche regionale Öko-Landwirtschaft, das Erzeugen und die Verfügbarkeit gesunder Lebensmittel und das Bewusstsein sozialer Verantwortung in Wirtschaftsbeziehungen fördern. Damit wollen wir zu Klima-, Boden-, und Artenschutz, gesunder Ernährung, sowie zum gesellschaftlichen Strukturwandel beitragen. Der Gemüseanbau findet in der Region Müncheberg/ Seelow, östlich von Berlin statt. Die Versorgung findet zur Zeit in Berlin und Erkner statt. Wir freuen uns über neue Mitglieder, insbesondere im Frühjahr zum Saisonstart. Über unser Wechselsystem besteht aber die Möglichkeit auch unter dem Jahr dazu zu kommen.",
                "Straße": "Karl-Marx Allee 1",
                "PLZ": "10178 Berlin",
                "Bezirk": "Mitte",
                "Website  Social Media": "https://www.ackerwesen.de/index.htm?n1=0",
                "EMail": "willkommen@ackerwesen.de",
                "Nutzung": "Verteilung von Lebensmitteln ",
                "MitmachMöglichkeiten": "Mitglied werden"
            }
        },
        {
            "type": "Feature",
            "geometry": {
                "type": "Point",
                "coordinates": [
                    null,
                    null
                ]
            },
            "properties": {
                "Lfd Nummer": "SO-047",
                "Name": "Ackerwesen - Abholstation Moabit 1 ",
                "Gartentyp": "SoLaWi-Abholstation",
                "Über uns  Selbstbeschreibung": "Gemeinsam wollen wir die kleinbäuerliche regionale Öko-Landwirtschaft, das Erzeugen und die Verfügbarkeit gesunder Lebensmittel und das Bewusstsein sozialer Verantwortung in Wirtschaftsbeziehungen fördern. Damit wollen wir zu Klima-, Boden-, und Artenschutz, gesunder Ernährung, sowie zum gesellschaftlichen Strukturwandel beitragen. Der Gemüseanbau findet in der Region Müncheberg/ Seelow, östlich von Berlin statt. Die Versorgung findet zur Zeit in Berlin und Erkner statt. Wir freuen uns über neue Mitglieder, insbesondere im Frühjahr zum Saisonstart. Über unser Wechselsystem besteht aber die Möglichkeit auch unter dem Jahr dazu zu kommen.",
                "Straße": "Siemensstr. 27",
                "PLZ": "10551 Berlin ",
                "Bezirk": "Mitte",
                "Website  Social Media": "https://www.ackerwesen.de/index.htm?n1=0",
                "EMail": "willkommen@ackerwesen.de",
                "Nutzung": "Verteilung von Lebensmitteln ",
                "MitmachMöglichkeiten": "Mitglied werden"
            }
        },
        {
            "type": "Feature",
            "geometry": {
                "type": "Point",
                "coordinates": [
                    null,
                    null
                ]
            },
            "properties": {
                "Lfd Nummer": "SO-048",
                "Name": "Ackerwesen - Abholstation Moabit 2",
                "Gartentyp": "SoLaWi-Abholstation",
                "Über uns  Selbstbeschreibung": "Gemeinsam wollen wir die kleinbäuerliche regionale Öko-Landwirtschaft, das Erzeugen und die Verfügbarkeit gesunder Lebensmittel und das Bewusstsein sozialer Verantwortung in Wirtschaftsbeziehungen fördern. Damit wollen wir zu Klima-, Boden-, und Artenschutz, gesunder Ernährung, sowie zum gesellschaftlichen Strukturwandel beitragen. Der Gemüseanbau findet in der Region Müncheberg/ Seelow, östlich von Berlin statt. Die Versorgung findet zur Zeit in Berlin und Erkner statt. Wir freuen uns über neue Mitglieder, insbesondere im Frühjahr zum Saisonstart. Über unser Wechselsystem besteht aber die Möglichkeit auch unter dem Jahr dazu zu kommen.",
                "Straße": "Turmstraße 10",
                "PLZ": "10557 Berlin",
                "Bezirk": "Mitte",
                "Website  Social Media": "https://www.ackerwesen.de/index.htm?n1=0",
                "EMail": "willkommen@ackerwesen.de",
                "Nutzung": "Verteilung von Lebensmitteln ",
                "MitmachMöglichkeiten": "Mitglied werden"
            }
        },
        {
            "type": "Feature",
            "geometry": {
                "type": "Point",
                "coordinates": [
                    null,
                    null
                ]
            },
            "properties": {
                "Lfd Nummer": "SO-049",
                "Name": "Ackerwesen - Abholstation Neukölln 1",
                "Gartentyp": "SoLaWi-Abholstation",
                "Über uns  Selbstbeschreibung": "Gemeinsam wollen wir die kleinbäuerliche regionale Öko-Landwirtschaft, das Erzeugen und die Verfügbarkeit gesunder Lebensmittel und das Bewusstsein sozialer Verantwortung in Wirtschaftsbeziehungen fördern. Damit wollen wir zu Klima-, Boden-, und Artenschutz, gesunder Ernährung, sowie zum gesellschaftlichen Strukturwandel beitragen. Der Gemüseanbau findet in der Region Müncheberg/ Seelow, östlich von Berlin statt. Die Versorgung findet zur Zeit in Berlin und Erkner statt. Wir freuen uns über neue Mitglieder, insbesondere im Frühjahr zum Saisonstart. Über unser Wechselsystem besteht aber die Möglichkeit auch unter dem Jahr dazu zu kommen.",
                "Straße": "Herrfurthstraße 21",
                "PLZ": "10249 Berlin",
                "Bezirk": "Neukölln",
                "Website  Social Media": "https://www.ackerwesen.de/index.htm?n1=0",
                "EMail": "willkommen@ackerwesen.de",
                "Nutzung": "Verteilung von Lebensmitteln ",
                "MitmachMöglichkeiten": "Mitglied werden"
            }
        },
        {
            "type": "Feature",
            "geometry": {
                "type": "Point",
                "coordinates": [
                    null,
                    null
                ]
            },
            "properties": {
                "Lfd Nummer": "SO-050",
                "Name": "Ackerwesen - Abholstation Neukölln 2",
                "Gartentyp": "SoLaWi-Abholstation",
                "Über uns  Selbstbeschreibung": "Gemeinsam wollen wir die kleinbäuerliche regionale Öko-Landwirtschaft, das Erzeugen und die Verfügbarkeit gesunder Lebensmittel und das Bewusstsein sozialer Verantwortung in Wirtschaftsbeziehungen fördern. Damit wollen wir zu Klima-, Boden-, und Artenschutz, gesunder Ernährung, sowie zum gesellschaftlichen Strukturwandel beitragen. Der Gemüseanbau findet in der Region Müncheberg/ Seelow, östlich von Berlin statt. Die Versorgung findet zur Zeit in Berlin und Erkner statt. Wir freuen uns über neue Mitglieder, insbesondere im Frühjahr zum Saisonstart. Über unser Wechselsystem besteht aber die Möglichkeit auch unter dem Jahr dazu zu kommen.",
                "Straße": "Schierker Straße 26",
                "PLZ": "12051 Berlin",
                "Bezirk": "Neukölln",
                "Website  Social Media": "https://www.ackerwesen.de/index.htm?n1=0",
                "EMail": "willkommen@ackerwesen.de",
                "Nutzung": "Verteilung von Lebensmitteln ",
                "MitmachMöglichkeiten": "Mitglied werden"
            }
        },
        {
            "type": "Feature",
            "geometry": {
                "type": "Point",
                "coordinates": [
                    null,
                    null
                ]
            },
            "properties": {
                "Lfd Nummer": "SO-051",
                "Name": "Ackerwesen - Abholstation Neukölln 3",
                "Gartentyp": "SoLaWi-Abholstation",
                "Über uns  Selbstbeschreibung": "Gemeinsam wollen wir die kleinbäuerliche regionale Öko-Landwirtschaft, das Erzeugen und die Verfügbarkeit gesunder Lebensmittel und das Bewusstsein sozialer Verantwortung in Wirtschaftsbeziehungen fördern. Damit wollen wir zu Klima-, Boden-, und Artenschutz, gesunder Ernährung, sowie zum gesellschaftlichen Strukturwandel beitragen. Der Gemüseanbau findet in der Region Müncheberg/ Seelow, östlich von Berlin statt. Die Versorgung findet zur Zeit in Berlin und Erkner statt. Wir freuen uns über neue Mitglieder, insbesondere im Frühjahr zum Saisonstart. Über unser Wechselsystem besteht aber die Möglichkeit auch unter dem Jahr dazu zu kommen.",
                "Straße": "Donaustraße 79",
                "PLZ": "12043 Berlin",
                "Bezirk": "Neukölln",
                "Website  Social Media": "https://www.ackerwesen.de/index.htm?n1=0",
                "EMail": "willkommen@ackerwesen.de",
                "Nutzung": "Verteilung von Lebensmitteln ",
                "MitmachMöglichkeiten": "Mitglied werden"
            }
        },
        {
            "type": "Feature",
            "geometry": {
                "type": "Point",
                "coordinates": [
                    null,
                    null
                ]
            },
            "properties": {
                "Lfd Nummer": "SO-052",
                "Name": "Ackerwesen - Abholstation Neukölln 4",
                "Gartentyp": "SoLaWi-Abholstation",
                "Über uns  Selbstbeschreibung": "Gemeinsam wollen wir die kleinbäuerliche regionale Öko-Landwirtschaft, das Erzeugen und die Verfügbarkeit gesunder Lebensmittel und das Bewusstsein sozialer Verantwortung in Wirtschaftsbeziehungen fördern. Damit wollen wir zu Klima-, Boden-, und Artenschutz, gesunder Ernährung, sowie zum gesellschaftlichen Strukturwandel beitragen. Der Gemüseanbau findet in der Region Müncheberg/ Seelow, östlich von Berlin statt. Die Versorgung findet zur Zeit in Berlin und Erkner statt. Wir freuen uns über neue Mitglieder, insbesondere im Frühjahr zum Saisonstart. Über unser Wechselsystem besteht aber die Möglichkeit auch unter dem Jahr dazu zu kommen.",
                "Straße": "Hobrechtstr. 55",
                "PLZ": "12047 Berlin",
                "Bezirk": "Neukölln",
                "Website  Social Media": "https://www.ackerwesen.de/index.htm?n1=0",
                "EMail": "willkommen@ackerwesen.de",
                "Nutzung": "Verteilung von Lebensmitteln ",
                "MitmachMöglichkeiten": "Mitglied werden"
            }
        },
        {
            "type": "Feature",
            "geometry": {
                "type": "Point",
                "coordinates": [
                    null,
                    null
                ]
            },
            "properties": {
                "Lfd Nummer": "SO-053",
                "Name": "Ackerwesen - Abholstation Neukölln 5",
                "Gartentyp": "SoLaWi-Abholstation",
                "Über uns  Selbstbeschreibung": "Gemeinsam wollen wir die kleinbäuerliche regionale Öko-Landwirtschaft, das Erzeugen und die Verfügbarkeit gesunder Lebensmittel und das Bewusstsein sozialer Verantwortung in Wirtschaftsbeziehungen fördern. Damit wollen wir zu Klima-, Boden-, und Artenschutz, gesunder Ernährung, sowie zum gesellschaftlichen Strukturwandel beitragen. Der Gemüseanbau findet in der Region Müncheberg/ Seelow, östlich von Berlin statt. Die Versorgung findet zur Zeit in Berlin und Erkner statt. Wir freuen uns über neue Mitglieder, insbesondere im Frühjahr zum Saisonstart. Über unser Wechselsystem besteht aber die Möglichkeit auch unter dem Jahr dazu zu kommen.",
                "Straße": "Sonnenallee 154",
                "PLZ": "12059 Berlin",
                "Bezirk": "Neukölln",
                "Website  Social Media": "https://www.ackerwesen.de/index.htm?n1=0",
                "EMail": "willkommen@ackerwesen.de",
                "Nutzung": "Verteilung von Lebensmitteln ",
                "MitmachMöglichkeiten": "Mitglied werden"
            }
        },
        {
            "type": "Feature",
            "geometry": {
                "type": "Point",
                "coordinates": [
                    null,
                    null
                ]
            },
            "properties": {
                "Lfd Nummer": "SO-054",
                "Name": "Ackerwesen - Abholstation Neukölln 6",
                "Gartentyp": "SoLaWi-Abholstation",
                "Über uns  Selbstbeschreibung": "Gemeinsam wollen wir die kleinbäuerliche regionale Öko-Landwirtschaft, das Erzeugen und die Verfügbarkeit gesunder Lebensmittel und das Bewusstsein sozialer Verantwortung in Wirtschaftsbeziehungen fördern. Damit wollen wir zu Klima-, Boden-, und Artenschutz, gesunder Ernährung, sowie zum gesellschaftlichen Strukturwandel beitragen. Der Gemüseanbau findet in der Region Müncheberg/ Seelow, östlich von Berlin statt. Die Versorgung findet zur Zeit in Berlin und Erkner statt. Wir freuen uns über neue Mitglieder, insbesondere im Frühjahr zum Saisonstart. Über unser Wechselsystem besteht aber die Möglichkeit auch unter dem Jahr dazu zu kommen.",
                "Straße": "Kienitzer Str. 26",
                "PLZ": "12053 Berlin",
                "Bezirk": "Neukölln",
                "Website  Social Media": "https://www.ackerwesen.de/index.htm?n1=0",
                "EMail": "willkommen@ackerwesen.de",
                "Nutzung": "Verteilung von Lebensmitteln ",
                "MitmachMöglichkeiten": "Mitglied werden"
            }
        },
        {
            "type": "Feature",
            "geometry": {
                "type": "Point",
                "coordinates": [
                    null,
                    null
                ]
            },
            "properties": {
                "Lfd Nummer": "SO-055",
                "Name": "Ackerwesen - Abholstation Nikolassee 1 ",
                "Gartentyp": "SoLaWi-Abholstation",
                "Über uns  Selbstbeschreibung": "Gemeinsam wollen wir die kleinbäuerliche regionale Öko-Landwirtschaft, das Erzeugen und die Verfügbarkeit gesunder Lebensmittel und das Bewusstsein sozialer Verantwortung in Wirtschaftsbeziehungen fördern. Damit wollen wir zu Klima-, Boden-, und Artenschutz, gesunder Ernährung, sowie zum gesellschaftlichen Strukturwandel beitragen. Der Gemüseanbau findet in der Region Müncheberg/ Seelow, östlich von Berlin statt. Die Versorgung findet zur Zeit in Berlin und Erkner statt. Wir freuen uns über neue Mitglieder, insbesondere im Frühjahr zum Saisonstart. Über unser Wechselsystem besteht aber die Möglichkeit auch unter dem Jahr dazu zu kommen.",
                "Straße": "Himbeersteig 35",
                "PLZ": "14129 Berlin",
                "Bezirk": "Steglitz-Zehlendorf",
                "Website  Social Media": "https://www.ackerwesen.de/index.htm?n1=0",
                "EMail": "willkommen@ackerwesen.de",
                "Nutzung": "Verteilung von Lebensmitteln ",
                "MitmachMöglichkeiten": "Mitglied werden"
            }
        },
        {
            "type": "Feature",
            "geometry": {
                "type": "Point",
                "coordinates": [
                    null,
                    null
                ]
            },
            "properties": {
                "Lfd Nummer": "SO-056",
                "Name": "Ackerwesen - Abholstation Nikolassee 2",
                "Gartentyp": "SoLaWi-Abholstation",
                "Über uns  Selbstbeschreibung": "Gemeinsam wollen wir die kleinbäuerliche regionale Öko-Landwirtschaft, das Erzeugen und die Verfügbarkeit gesunder Lebensmittel und das Bewusstsein sozialer Verantwortung in Wirtschaftsbeziehungen fördern. Damit wollen wir zu Klima-, Boden-, und Artenschutz, gesunder Ernährung, sowie zum gesellschaftlichen Strukturwandel beitragen. Der Gemüseanbau findet in der Region Müncheberg/ Seelow, östlich von Berlin statt. Die Versorgung findet zur Zeit in Berlin und Erkner statt. Wir freuen uns über neue Mitglieder, insbesondere im Frühjahr zum Saisonstart. Über unser Wechselsystem besteht aber die Möglichkeit auch unter dem Jahr dazu zu kommen.",
                "Straße": "Benschallee 8",
                "PLZ": "14163 Berlin",
                "Bezirk": "Steglitz-Zehlendorf",
                "Website  Social Media": "https://www.ackerwesen.de/index.htm?n1=0",
                "EMail": "willkommen@ackerwesen.de",
                "Nutzung": "Verteilung von Lebensmitteln ",
                "MitmachMöglichkeiten": "Mitglied werden"
            }
        },
        {
            "type": "Feature",
            "geometry": {
                "type": "Point",
                "coordinates": [
                    null,
                    null
                ]
            },
            "properties": {
                "Lfd Nummer": "SO-057",
                "Name": "Ackerwesen - Abholstation Pankow",
                "Gartentyp": "SoLaWi-Abholstation",
                "Über uns  Selbstbeschreibung": "Gemeinsam wollen wir die kleinbäuerliche regionale Öko-Landwirtschaft, das Erzeugen und die Verfügbarkeit gesunder Lebensmittel und das Bewusstsein sozialer Verantwortung in Wirtschaftsbeziehungen fördern. Damit wollen wir zu Klima-, Boden-, und Artenschutz, gesunder Ernährung, sowie zum gesellschaftlichen Strukturwandel beitragen. Der Gemüseanbau findet in der Region Müncheberg/ Seelow, östlich von Berlin statt. Die Versorgung findet zur Zeit in Berlin und Erkner statt. Wir freuen uns über neue Mitglieder, insbesondere im Frühjahr zum Saisonstart. Über unser Wechselsystem besteht aber die Möglichkeit auch unter dem Jahr dazu zu kommen.",
                "Straße": "Gemündener Str. 36",
                "PLZ": "13189 Berlin",
                "Bezirk": "Pankow",
                "Website  Social Media": "https://www.ackerwesen.de/index.htm?n1=0",
                "EMail": "willkommen@ackerwesen.de",
                "Nutzung": "Verteilung von Lebensmitteln ",
                "MitmachMöglichkeiten": "Mitglied werden"
            }
        },
        {
            "type": "Feature",
            "geometry": {
                "type": "Point",
                "coordinates": [
                    null,
                    null
                ]
            },
            "properties": {
                "Lfd Nummer": "SO-058",
                "Name": "Ackerwesen - Abholstation Prenzlauer Berg 1",
                "Gartentyp": "SoLaWi-Abholstation",
                "Über uns  Selbstbeschreibung": "Gemeinsam wollen wir die kleinbäuerliche regionale Öko-Landwirtschaft, das Erzeugen und die Verfügbarkeit gesunder Lebensmittel und das Bewusstsein sozialer Verantwortung in Wirtschaftsbeziehungen fördern. Damit wollen wir zu Klima-, Boden-, und Artenschutz, gesunder Ernährung, sowie zum gesellschaftlichen Strukturwandel beitragen. Der Gemüseanbau findet in der Region Müncheberg/ Seelow, östlich von Berlin statt. Die Versorgung findet zur Zeit in Berlin und Erkner statt. Wir freuen uns über neue Mitglieder, insbesondere im Frühjahr zum Saisonstart. Über unser Wechselsystem besteht aber die Möglichkeit auch unter dem Jahr dazu zu kommen.",
                "Straße": "Ochtumweg 6",
                "PLZ": "10407 Berlin",
                "Bezirk": "Pankow",
                "Website  Social Media": "https://www.ackerwesen.de/index.htm?n1=0",
                "EMail": "willkommen@ackerwesen.de",
                "Nutzung": "Verteilung von Lebensmitteln ",
                "MitmachMöglichkeiten": "Mitglied werden"
            }
        },
        {
            "type": "Feature",
            "geometry": {
                "type": "Point",
                "coordinates": [
                    null,
                    null
                ]
            },
            "properties": {
                "Lfd Nummer": "SO-059",
                "Name": "Ackerwesen - Abholstation Prenzlauer Berg 2",
                "Gartentyp": "SoLaWi-Abholstation",
                "Über uns  Selbstbeschreibung": "Gemeinsam wollen wir die kleinbäuerliche regionale Öko-Landwirtschaft, das Erzeugen und die Verfügbarkeit gesunder Lebensmittel und das Bewusstsein sozialer Verantwortung in Wirtschaftsbeziehungen fördern. Damit wollen wir zu Klima-, Boden-, und Artenschutz, gesunder Ernährung, sowie zum gesellschaftlichen Strukturwandel beitragen. Der Gemüseanbau findet in der Region Müncheberg/ Seelow, östlich von Berlin statt. Die Versorgung findet zur Zeit in Berlin und Erkner statt. Wir freuen uns über neue Mitglieder, insbesondere im Frühjahr zum Saisonstart. Über unser Wechselsystem besteht aber die Möglichkeit auch unter dem Jahr dazu zu kommen.",
                "Straße": "Bornholmer Str. 84",
                "PLZ": "10439 Berlin ",
                "Bezirk": "Pankow ",
                "Website  Social Media": "https://www.ackerwesen.de/index.htm?n1=0",
                "EMail": "willkommen@ackerwesen.de",
                "Nutzung": "Verteilung von Lebensmitteln ",
                "MitmachMöglichkeiten": "Mitglied werden"
            }
        },
        {
            "type": "Feature",
            "geometry": {
                "type": "Point",
                "coordinates": [
                    null,
                    null
                ]
            },
            "properties": {
                "Lfd Nummer": "SO-060",
                "Name": "Ackerwesen - Abholstation Prenzlauer Berg 3",
                "Gartentyp": "SoLaWi-Abholstation",
                "Über uns  Selbstbeschreibung": "Gemeinsam wollen wir die kleinbäuerliche regionale Öko-Landwirtschaft, das Erzeugen und die Verfügbarkeit gesunder Lebensmittel und das Bewusstsein sozialer Verantwortung in Wirtschaftsbeziehungen fördern. Damit wollen wir zu Klima-, Boden-, und Artenschutz, gesunder Ernährung, sowie zum gesellschaftlichen Strukturwandel beitragen. Der Gemüseanbau findet in der Region Müncheberg/ Seelow, östlich von Berlin statt. Die Versorgung findet zur Zeit in Berlin und Erkner statt. Wir freuen uns über neue Mitglieder, insbesondere im Frühjahr zum Saisonstart. Über unser Wechselsystem besteht aber die Möglichkeit auch unter dem Jahr dazu zu kommen.",
                "Straße": "Dunckerstraße 76",
                "PLZ": "10437 Berlin",
                "Bezirk": "Pankow",
                "Website  Social Media": "https://www.ackerwesen.de/index.htm?n1=0",
                "EMail": "willkommen@ackerwesen.de",
                "Nutzung": "Verteilung von Lebensmitteln ",
                "MitmachMöglichkeiten": "Mitglied werden"
            }
        },
        {
            "type": "Feature",
            "geometry": {
                "type": "Point",
                "coordinates": [
                    null,
                    null
                ]
            },
            "properties": {
                "Lfd Nummer": "SO-061",
                "Name": "Ackerwesen - Abholstation Reinickendorf",
                "Gartentyp": "SoLaWi-Abholstation",
                "Über uns  Selbstbeschreibung": "Gemeinsam wollen wir die kleinbäuerliche regionale Öko-Landwirtschaft, das Erzeugen und die Verfügbarkeit gesunder Lebensmittel und das Bewusstsein sozialer Verantwortung in Wirtschaftsbeziehungen fördern. Damit wollen wir zu Klima-, Boden-, und Artenschutz, gesunder Ernährung, sowie zum gesellschaftlichen Strukturwandel beitragen. Der Gemüseanbau findet in der Region Müncheberg/ Seelow, östlich von Berlin statt. Die Versorgung findet zur Zeit in Berlin und Erkner statt. Wir freuen uns über neue Mitglieder, insbesondere im Frühjahr zum Saisonstart. Über unser Wechselsystem besteht aber die Möglichkeit auch unter dem Jahr dazu zu kommen.",
                "Straße": "Hausotterstraße 95 ",
                "PLZ": "13409 Berlin",
                "Bezirk": "Reinickendorf ",
                "Website  Social Media": "https://www.ackerwesen.de/index.htm?n1=0",
                "EMail": "willkommen@ackerwesen.de",
                "Nutzung": "Verteilung von Lebensmitteln ",
                "MitmachMöglichkeiten": "Mitglied werden"
            }
        },
        {
            "type": "Feature",
            "geometry": {
                "type": "Point",
                "coordinates": [
                    null,
                    null
                ]
            },
            "properties": {
                "Lfd Nummer": "SO-062",
                "Name": "Ackerwesen - Abholstation Rummelsburg ",
                "Gartentyp": "SoLaWi-Abholstation",
                "Über uns  Selbstbeschreibung": "Gemeinsam wollen wir die kleinbäuerliche regionale Öko-Landwirtschaft, das Erzeugen und die Verfügbarkeit gesunder Lebensmittel und das Bewusstsein sozialer Verantwortung in Wirtschaftsbeziehungen fördern. Damit wollen wir zu Klima-, Boden-, und Artenschutz, gesunder Ernährung, sowie zum gesellschaftlichen Strukturwandel beitragen. Der Gemüseanbau findet in der Region Müncheberg/ Seelow, östlich von Berlin statt. Die Versorgung findet zur Zeit in Berlin und Erkner statt. Wir freuen uns über neue Mitglieder, insbesondere im Frühjahr zum Saisonstart. Über unser Wechselsystem besteht aber die Möglichkeit auch unter dem Jahr dazu zu kommen.",
                "Straße": "Fischerstraße 19",
                "PLZ": "10317 Berlin",
                "Bezirk": "Lichtenberg ",
                "Website  Social Media": "https://www.ackerwesen.de/index.htm?n1=0",
                "EMail": "willkommen@ackerwesen.de",
                "Nutzung": "Verteilung von Lebensmitteln ",
                "MitmachMöglichkeiten": "Mitglied werden"
            }
        },
        {
            "type": "Feature",
            "geometry": {
                "type": "Point",
                "coordinates": [
                    null,
                    null
                ]
            },
            "properties": {
                "Lfd Nummer": "SO-063",
                "Name": "Ackerwesen - Abholstation Schöneberg ",
                "Gartentyp": "SoLaWi-Abholstation",
                "Über uns  Selbstbeschreibung": "Gemeinsam wollen wir die kleinbäuerliche regionale Öko-Landwirtschaft, das Erzeugen und die Verfügbarkeit gesunder Lebensmittel und das Bewusstsein sozialer Verantwortung in Wirtschaftsbeziehungen fördern. Damit wollen wir zu Klima-, Boden-, und Artenschutz, gesunder Ernährung, sowie zum gesellschaftlichen Strukturwandel beitragen. Der Gemüseanbau findet in der Region Müncheberg/ Seelow, östlich von Berlin statt. Die Versorgung findet zur Zeit in Berlin und Erkner statt. Wir freuen uns über neue Mitglieder, insbesondere im Frühjahr zum Saisonstart. Über unser Wechselsystem besteht aber die Möglichkeit auch unter dem Jahr dazu zu kommen.",
                "Straße": "Martin-Luther-Str. 77",
                "PLZ": "10825 Berlin",
                "Bezirk": "Tempelhof - Schöneberg",
                "Website  Social Media": "https://www.ackerwesen.de/index.htm?n1=0",
                "EMail": "willkommen@ackerwesen.de",
                "Nutzung": "Verteilung von Lebensmitteln ",
                "MitmachMöglichkeiten": "Mitglied werden"
            }
        },
        {
            "type": "Feature",
            "geometry": {
                "type": "Point",
                "coordinates": [
                    null,
                    null
                ]
            },
            "properties": {
                "Lfd Nummer": "SO-064",
                "Name": "Ackerwesen - Abholstation Tempelhof 1 ",
                "Gartentyp": "SoLaWi-Abholstation",
                "Über uns  Selbstbeschreibung": "Gemeinsam wollen wir die kleinbäuerliche regionale Öko-Landwirtschaft, das Erzeugen und die Verfügbarkeit gesunder Lebensmittel und das Bewusstsein sozialer Verantwortung in Wirtschaftsbeziehungen fördern. Damit wollen wir zu Klima-, Boden-, und Artenschutz, gesunder Ernährung, sowie zum gesellschaftlichen Strukturwandel beitragen. Der Gemüseanbau findet in der Region Müncheberg/ Seelow, östlich von Berlin statt. Die Versorgung findet zur Zeit in Berlin und Erkner statt. Wir freuen uns über neue Mitglieder, insbesondere im Frühjahr zum Saisonstart. Über unser Wechselsystem besteht aber die Möglichkeit auch unter dem Jahr dazu zu kommen.",
                "Straße": "Tempelhofer Damm 2",
                "PLZ": "12101 Berlin",
                "Bezirk": "Tempelhof-Schöneberg",
                "Website  Social Media": "https://www.ackerwesen.de/index.htm?n1=0",
                "EMail": "willkommen@ackerwesen.de",
                "Nutzung": "Verteilung von Lebensmitteln ",
                "MitmachMöglichkeiten": "Mitglied werden"
            }
        },
        {
            "type": "Feature",
            "geometry": {
                "type": "Point",
                "coordinates": [
                    null,
                    null
                ]
            },
            "properties": {
                "Lfd Nummer": "SO-065",
                "Name": "Ackerwesen - Abholstation Tempelhof 2",
                "Gartentyp": "SoLaWi-Abholstation",
                "Über uns  Selbstbeschreibung": "Gemeinsam wollen wir die kleinbäuerliche regionale Öko-Landwirtschaft, das Erzeugen und die Verfügbarkeit gesunder Lebensmittel und das Bewusstsein sozialer Verantwortung in Wirtschaftsbeziehungen fördern. Damit wollen wir zu Klima-, Boden-, und Artenschutz, gesunder Ernährung, sowie zum gesellschaftlichen Strukturwandel beitragen. Der Gemüseanbau findet in der Region Müncheberg/ Seelow, östlich von Berlin statt. Die Versorgung findet zur Zeit in Berlin und Erkner statt. Wir freuen uns über neue Mitglieder, insbesondere im Frühjahr zum Saisonstart. Über unser Wechselsystem besteht aber die Möglichkeit auch unter dem Jahr dazu zu kommen.",
                "Straße": "Burgemeisterstraße 17-18",
                "PLZ": "12103 Berlin ",
                "Bezirk": "Tempelhof-Schöneberg",
                "Website  Social Media": "https://www.ackerwesen.de/index.htm?n1=0",
                "EMail": "willkommen@ackerwesen.de",
                "Nutzung": "Verteilung von Lebensmitteln ",
                "MitmachMöglichkeiten": "Mitglied werden"
            }
        },
        {
            "type": "Feature",
            "geometry": {
                "type": "Point",
                "coordinates": [
                    null,
                    null
                ]
            },
            "properties": {
                "Lfd Nummer": "SO-066",
                "Name": "Ackerwesen - Abholstation Wedding 1",
                "Gartentyp": "SoLaWi-Abholstation",
                "Über uns  Selbstbeschreibung": "Gemeinsam wollen wir die kleinbäuerliche regionale Öko-Landwirtschaft, das Erzeugen und die Verfügbarkeit gesunder Lebensmittel und das Bewusstsein sozialer Verantwortung in Wirtschaftsbeziehungen fördern. Damit wollen wir zu Klima-, Boden-, und Artenschutz, gesunder Ernährung, sowie zum gesellschaftlichen Strukturwandel beitragen. Der Gemüseanbau findet in der Region Müncheberg/ Seelow, östlich von Berlin statt. Die Versorgung findet zur Zeit in Berlin und Erkner statt. Wir freuen uns über neue Mitglieder, insbesondere im Frühjahr zum Saisonstart. Über unser Wechselsystem besteht aber die Möglichkeit auch unter dem Jahr dazu zu kommen.",
                "Straße": "Oudenarder Str. 16",
                "PLZ": "13347 Berlin",
                "Bezirk": "Mitte",
                "Website  Social Media": "https://www.ackerwesen.de/index.htm?n1=0",
                "EMail": "willkommen@ackerwesen.de",
                "Nutzung": "Verteilung von Lebensmitteln ",
                "MitmachMöglichkeiten": "Mitglied werden"
            }
        },
        {
            "type": "Feature",
            "geometry": {
                "type": "Point",
                "coordinates": [
                    null,
                    null
                ]
            },
            "properties": {
                "Lfd Nummer": "SO-067",
                "Name": "Ackerwesen - Abholstation Wedding 2",
                "Gartentyp": "SoLaWi-Abholstation",
                "Über uns  Selbstbeschreibung": "Gemeinsam wollen wir die kleinbäuerliche regionale Öko-Landwirtschaft, das Erzeugen und die Verfügbarkeit gesunder Lebensmittel und das Bewusstsein sozialer Verantwortung in Wirtschaftsbeziehungen fördern. Damit wollen wir zu Klima-, Boden-, und Artenschutz, gesunder Ernährung, sowie zum gesellschaftlichen Strukturwandel beitragen. Der Gemüseanbau findet in der Region Müncheberg/ Seelow, östlich von Berlin statt. Die Versorgung findet zur Zeit in Berlin und Erkner statt. Wir freuen uns über neue Mitglieder, insbesondere im Frühjahr zum Saisonstart. Über unser Wechselsystem besteht aber die Möglichkeit auch unter dem Jahr dazu zu kommen.",
                "Straße": "Gerichtstr. 23",
                "PLZ": "13347 Berlin",
                "Bezirk": "Mitte ",
                "Website  Social Media": "https://www.ackerwesen.de/index.htm?n1=0",
                "EMail": "willkommen@ackerwesen.de",
                "Nutzung": "Verteilung von Lebensmitteln ",
                "MitmachMöglichkeiten": "Mitglied werden"
            }
        },
        {
            "type": "Feature",
            "geometry": {
                "type": "Point",
                "coordinates": [
                    null,
                    null
                ]
            },
            "properties": {
                "Lfd Nummer": "SO-068",
                "Name": "Ackerwesen - Abholstation Wedding 3",
                "Gartentyp": "SoLaWi-Abholstation",
                "Über uns  Selbstbeschreibung": "Gemeinsam wollen wir die kleinbäuerliche regionale Öko-Landwirtschaft, das Erzeugen und die Verfügbarkeit gesunder Lebensmittel und das Bewusstsein sozialer Verantwortung in Wirtschaftsbeziehungen fördern. Damit wollen wir zu Klima-, Boden-, und Artenschutz, gesunder Ernährung, sowie zum gesellschaftlichen Strukturwandel beitragen. Der Gemüseanbau findet in der Region Müncheberg/ Seelow, östlich von Berlin statt. Die Versorgung findet zur Zeit in Berlin und Erkner statt. Wir freuen uns über neue Mitglieder, insbesondere im Frühjahr zum Saisonstart. Über unser Wechselsystem besteht aber die Möglichkeit auch unter dem Jahr dazu zu kommen.",
                "Straße": "Afrikanische Str. 74",
                "PLZ": "13351 Berlin",
                "Bezirk": "Mitte ",
                "Website  Social Media": "https://www.ackerwesen.de/index.htm?n1=0",
                "EMail": "willkommen@ackerwesen.de",
                "Nutzung": "Verteilung von Lebensmitteln ",
                "MitmachMöglichkeiten": "Mitglied werden"
            }
        },
        {
            "type": "Feature",
            "geometry": {
                "type": "Point",
                "coordinates": [
                    12.868754,
                    52.713986
                ]
            },
            "properties": {
                "Lfd Nummer": "SO-069",
                "Name": "Gemüse Syndikat - Anbau (Karolinengarten)",
                "Gartentyp": "SoLaWi-Anbaufläche",
                "Straße": "Rollinsruher Weg 3a",
                "PLZ": "16818 Kuhhorst",
                "Website  Social Media": "https://gemuese-syndikat.de/",
                "EMail": "info@auenhof-havelland.de",
                "Nutzung": "Anbau von Lebensmitteln"
            }
        },
        {
            "type": "Feature",
            "geometry": {
                "type": "Point",
                "coordinates": [
                    12.247754,
                    52.67801
                ]
            },
            "properties": {
                "Lfd Nummer": "SO-070",
                "Name": "Gemüse Syndikat - Anbau (Auenhof)",
                "Gartentyp": "SoLaWi-Anbaufläche",
                "Straße": "Pareyer Dorfstraße 4",
                "PLZ": "14715 Havelaue OT Parey",
                "Website  Social Media": "https://gemuese-syndikat.de/",
                "EMail": "info@auenhof-havelland.de",
                "Nutzung": "Anbau von Lebensmitteln"
            }
        },
        {
            "type": "Feature",
            "geometry": {
                "type": "Point",
                "coordinates": [
                    null,
                    null
                ]
            },
            "properties": {
                "Lfd Nummer": "SO-071",
                "Name": "Gemüse Syndikat - Depot PA58",
                "Gartentyp": "SoLaWi-Abholstation",
                "Straße": "Prinzenallee 58",
                "PLZ": "13359 Berlin",
                "Bezirk": "Mitte ",
                "Website  Social Media": "https://gemuese-syndikat.de/",
                "EMail": "info@auenhof-havelland.de",
                "Nutzung": "Verteilung von Lebensmitteln ",
                "MitmachMöglichkeiten": "Mitglied werden"
            }
        },
        {
            "type": "Feature",
            "geometry": {
                "type": "Point",
                "coordinates": [
                    null,
                    null
                ]
            },
            "properties": {
                "Lfd Nummer": "SO-072",
                "Name": "Gemüse Syndikat - Depot Café MadaMe",
                "Gartentyp": "SoLaWi-Abholstation",
                "Straße": "Mehringplatz 10",
                "PLZ": "10969 Berlin",
                "Bezirk": "Friedrichshain-Kreuzberg",
                "Website  Social Media": "https://gemuese-syndikat.de/",
                "EMail": "info@auenhof-havelland.de",
                "Nutzung": "Verteilung von Lebensmitteln ",
                "MitmachMöglichkeiten": "Mitglied werden"
            }
        },
        {
            "type": "Feature",
            "geometry": {
                "type": "Point",
                "coordinates": [
                    null,
                    null
                ]
            },
            "properties": {
                "Lfd Nummer": "SO-073",
                "Name": "Gemüse Syndikat - Depot Schillerkiez ",
                "Gartentyp": "SoLaWi-Abholstation",
                "Straße": "Schillerpromenade 16",
                "PLZ": "12049 Berlin",
                "Bezirk": "Neukölln ",
                "Website  Social Media": "https://gemuese-syndikat.de/",
                "EMail": "info@auenhof-havelland.de",
                "Nutzung": "Verteilung von Lebensmitteln ",
                "MitmachMöglichkeiten": "Mitglied werden"
            }
        },
        {
            "type": "Feature",
            "geometry": {
                "type": "Point",
                "coordinates": [
                    null,
                    null
                ]
            },
            "properties": {
                "Lfd Nummer": "SO-074",
                "Name": "Gemüse Syndikat - Depot Trial & Error ",
                "Gartentyp": "SoLaWi-Abholstation",
                "Straße": "Braunschweiger Str. 80",
                "PLZ": "12055 Berlin ",
                "Bezirk": "Neukölln",
                "Website  Social Media": "https://gemuese-syndikat.de/",
                "EMail": "info@auenhof-havelland.de",
                "Nutzung": "Verteilung von Lebensmitteln ",
                "MitmachMöglichkeiten": "Mitglied werden"
            }
        },
        {
            "type": "Feature",
            "geometry": {
                "type": "Point",
                "coordinates": [
                    null,
                    null
                ]
            },
            "properties": {
                "Lfd Nummer": "SO-075",
                "Name": "Gemüse Syndikat - Depot Burge 17 ",
                "Gartentyp": "SoLaWi-Abholstation",
                "Straße": "Burgemeisterstr. 17",
                "PLZ": "12103 Berlin",
                "Bezirk": "Tempelhof-Schöneberg",
                "Website  Social Media": "https://gemuese-syndikat.de/",
                "EMail": "info@auenhof-havelland.de",
                "Nutzung": "Verteilung von Lebensmitteln ",
                "MitmachMöglichkeiten": "Mitglied werden"
            }
        },
        {
            "type": "Feature",
            "geometry": {
                "type": "Point",
                "coordinates": [
                    null,
                    null
                ]
            },
            "properties": {
                "Lfd Nummer": "SO-076",
                "Name": "Gemüse Syndikat - Depot Haus der Nachbarschaft",
                "Gartentyp": "SoLaWi-Abholstation",
                "Straße": "Str. am Schoelerpark 37",
                "PLZ": "10715 Berlin",
                "Bezirk": "Charlottenburg-Wilmersdorf",
                "Website  Social Media": "https://gemuese-syndikat.de/",
                "EMail": "info@auenhof-havelland.de",
                "Nutzung": "Verteilung von Lebensmitteln ",
                "MitmachMöglichkeiten": "Mitglied werden"
            }
        },
        {
            "type": "Feature",
            "geometry": {
                "type": "Point",
                "coordinates": [
                    13.275398,
                    52.654967
                ]
            },
            "properties": {
                "Lfd Nummer": "SO-077",
                "Name": "FrohLaWi",
                "Gartentyp": "SoLaWi-Anbaufläche",
                "Über uns  Selbstbeschreibung": "Der FrohLaWi e.V. entstand 2020 aus einem Uni-Projekt der TU Berlin unter der Leitung von Prof. Martin Kaupenjohann. Im September 2020 haben Studierende gemeinsam mit Nachbarn aus Frohnau den FrohLaWi-Verein gegründet. Heute sind wir Pächter einer 7 ha großen Fläche des Stolper Felds am Rand von Berlin und haben mittlerweile über 170 Mitglieder. Auf einem Teil dieser Fläche bauen wir Gemüse für die Mitglieder unseres Vereins an. Der Verein wird von einem Vorstand aus derzeit sechs Personen geleitet. Zudem haben wir viele begeisterte und motivierte Menschen, die das Vorhaben überhaupt erst möglich machen und mit deren Hilfe wir Teil eines tollen, großen Netzwerks sind. ",
                "Straße": "Gralsritterweg 21 ",
                "PLZ": "13465 Berlin",
                "Bezirk": "Reinickendorf",
                "Website  Social Media": "https://www.frohlawi.de/",
                "EMail": " info@frohlawi.de",
                "Nutzung": "Verteilung von Lebensmitteln ",
                "MitmachMöglichkeiten": "Mitglied werden"
            }
        },
        {
            "type": "Feature",
            "geometry": {
                "type": "Point",
                "coordinates": [
                    14.464828,
                    52.29659
                ]
            },
            "properties": {
                "Lfd Nummer": "SO-078",
                "Name": "PlantAge - Anbau",
                "Gartentyp": "SoLaWi-Anbaufläche",
                "Über uns  Selbstbeschreibung": "PlantAge eG wurde am 15. September 2018 als solidarische Landwirtschaft gegründet – mit dem Ziel, eine nachhaltige, faire und zukunftsorientierte Landwirtschaft zu schaffen. Seit Juli 2019 liefern wir wöchentlich frisches, biozyklisch-vegan angebautes Gemüse von unserem eigenen Acker an Abholstationen in Berlin, Potsdam, Frankfurt (Oder) und Umgebung. Hinter PlantAge steht eine vielfältige Gemeinschaft, die durch finanzielle Unterstützung, soziales Engagement und praktisches Mitwirken das Projekt ins Leben gerufen hat. Uns vereint die Vision, Ernährung, Landwirtschaft und Umwelt in Einklang zu bringen und damit einen positiven Beitrag für unsere Gesellschaft zu leisten.",
                "Straße": "Müllroser Chaussee 76c",
                "PLZ": "15236 Frankfurt (Oder)",
                "Website  Social Media": "https://www.plantage.farm",
                "EMail": "info@plantage.farm"
            }
        },
        {
            "type": "Feature",
            "geometry": {
                "type": "Point",
                "coordinates": [
                    13.358559,
                    52.553416
                ]
            },
            "properties": {
                "Lfd Nummer": "SO-079",
                "Name": "PlantAge - Abholstation SuperCoop",
                "Gartentyp": "SoLaWi-Abholstation",
                "Über uns  Selbstbeschreibung": "PlantAge eG wurde am 15. September 2018 als solidarische Landwirtschaft gegründet – mit dem Ziel, eine nachhaltige, faire und zukunftsorientierte Landwirtschaft zu schaffen. Seit Juli 2019 liefern wir wöchentlich frisches, biozyklisch-vegan angebautes Gemüse von unserem eigenen Acker an Abholstationen in Berlin, Potsdam, Frankfurt (Oder) und Umgebung. Hinter PlantAge steht eine vielfältige Gemeinschaft, die durch finanzielle Unterstützung, soziales Engagement und praktisches Mitwirken das Projekt ins Leben gerufen hat. Uns vereint die Vision, Ernährung, Landwirtschaft und Umwelt in Einklang zu bringen und damit einen positiven Beitrag für unsere Gesellschaft zu leisten.",
                "Straße": "Oudenarder Str. 16",
                "PLZ": "13347 Berlin",
                "Bezirk": "Mitte",
                "Website  Social Media": "https://www.plantage.farm",
                "EMail": "info@plantage.farm"
            }
        }
    ]
}